index,answer,prediction
0,Back to School,Васк +о Яс^оо}
1,ABCDEFGHI JKLMNOPQR STUVWXYZ 1234567890,АВФ.Е@@[ Ш1Ъ{М@Р@В 'т  ж 2 1234567890
2,Progimp.ru,Рго:ёшр <ч
3,я школу!,Ъ [
4,С ДНЕМ ЗНАНИЙ!,С ФНЕМ ЗНАНИИ;
5,Pizza,"?22"""
6,much wine?,"""'&Ё? 'ф"
7,back to chool!,1о ~СНООЦ {ВАСК
8,APRiL IS CHiLD ABUSE PREVENTION MONTH,;Р?Ц /5 (ЦЦ АВ&ЯЕ РРЕПШЯШПН
9,"ПРАВИЛА 
 НАШЕЙ 
 СЕМЬИ",ПРАВИИА ВВШШ
10,"what does your free look like? Decorate the christmas 
 free witch crayola crayons, markers, and glitter glue","[}а' 8о6з уачг #о ^ф4 Пр? Гесагпее [ъ С4п:п@в 'гевч €/ыю  <атапз_шащвг: #я,шы аце"
11,5Б/8 ул. Некрасова,5Ш !Л [ЮШИСОВА
12,Преображенский храм,^9 Штот Преокр женскпй Храм тв 5
13,12 ОЛЬХОВАЯ,12 ОЛЬХОВАЯ
14,пр. Чайковского 31а,др Чайковского 31а
15,средняя школа 20,#419) ШД:
16,22-20,
17,belgoro,ва!@ок9
18,61,[
19,улица Полевая 35,улица Полевая 35
20,У меня только две проблемы- нечего надеть и маленький шкаф,МЕНЯ ТОЛЬКО АВЕ ПРОБАЕМЫ- НЕЧЕГО НАДЕТЬ МААЕНЬКИЙ ШКАФ
21,улица набережная 28,Ш `е  1 1 Амкун ё 9 (
22,машук 2016,МАШУК 2016
23,Целебный источник,ШЕшиеп
24,Catrix  8(499)657 90 48 catrix.ru,(а+' сап 64 7 тысаунэ 38499} 65
25,озерная  13,63
26,управление промышленного компле и природопользования администрации ракитянского райо,Роп-омышы ~оэъ пРнРодо лъзовннут АДМИНИСТРАцИИ ЗАКИТЯНСКОГО РАЙЫ'
27,DESTROY,@ЁЗТ?О}
28,БЕЛГОРОД ХАРЬКОВ,БЕЛГОРОД ХАРЬКОВ ЕГСО ТО:₽ ГОЛОКИНСИЕ Пнн (ИЕЕСт&
29,28 привольная,28 ПРИВОлЬАя А+о
30,БИБЛИОТЕЧНАЯ ЖИЗНЬ БЕЛГОРОДЧИНЫ,КЕЕЛРРПМНАЕ АЧАЕ ппчяы
31,улица СПАРТАК 10-А,Рул # ЦА СПАРТАК 10А
32,Фабрика Рекламы 8-962-307-01-01,Фабрика Рекламы [? 8-962-307-01-От
33,домовые таблички.рф,ппмппыа
34,Бел ИРО,ш_ 1 БРЛХИРО [эшех; ₽>я-шаш Еаттэ/МЕХтэрИ РФ ышз @ч[лиы Тыы ~епрре т
35,ОТКР ОР,"м47п Тепяч:нтлагэцныанэъуа ~кыплы ны1 # пмчсраишя ы10гп нтеем [1-шл] ОТКР ?я,1. ягачыра - Им ?} 7шч ы г]:7 ""сн & . г агар - тианг_-р ОРН тт пыныршъ4ла 1ы-"
36,производство бегущих строк,ПРОИЗВОДСТВО БЕГЖИХ СТРОК
37,улица З.Биишевой 13,3. БийшЕвой  13
38,МОБИЛЬНОЕ ПРИЛОЖЕНИЕ ДЛЯ СМАРТФОНОВ НЕТ СВЕТА,МОБИЛЬНОЕ ПРИПОЖЕНИЕ #Етан ДЛЯ СМАРТООНОВ ~НЕГ СВЕТАЛ
39,переулок ЗАБАЛКОВСКИЙ 1,[е ~^` ЗАБАЛКОВСКИЙ п е р еул о к 2
40,36,36
41,РЕКЛАМНОЕ АГЕНТСТВО ПРИОРИТЕ световые короба от 8 500р. м,АГЕНТЕТЕО ПРИПРИТВ световые короба 8 50бр: м' РЕКПАМНЕЕ
42,правильное расположение тактильной таблички,Е} ЕПЕПа-ЕНЕТЫТИЫПНаНТЧБПН ГЦ
43,8 - я ЛИНИЯ 143,88-я линия
44,ДЗГОЕВ ФЕДОР СТЕПАНОВИЧ,"ДЗГОЕВ ФЕДОР СТЕПАНОВИЧ КоыиуР 12 5лад9 5/5 ₽ срэтЕаяЕмшндетии#л ПЕаЕтада #ашосая енн= ~51Ешн  Длилело Шъ_ гЕл:г лппр 5ВЗм зпыгшно Шити %пыа 7о % Рли- #шам Елттапр , ,, ыос Пэлн"
45,"30 
 1223",30 1223
46,Денежный поток,[ПеП уи (?? [*.
47,КОРАЛЛОВАЯ 18 УЛИЦА,КОРАЛЛОВАЯ 18 5
48,"Петрова 
 Ирина 
 Васильевна 
 12.03.1898 - 14.05.1973",Петоова Ирина ВаснАьевна 12.03.1898-14.05.1973
49,2А УЛИЦА ИГНАТЬЕВСКАЯ,24' УЛИЦА (дтмшвсуу
50,ТРУДЫ ПО ЕВРЕЙСКОЙ ИСТОРИИ И КУЛЬТУРЕ,"итгенкшшн нчаанни Ет,ыи #т амь;иъцткатяиг иън.эпн_пшпки шъины"
51,ТЕХНОЛОГИИ ТУРИСТСКОЙ ДЕЯТЕЛЬНОСТИ: СОСТОЯНИЕ И ПЕРСПЕКТИВЫ РАЗВИТИЯ,згснач сп:Ч технапатин 1Уеи]ЕтаипЕн]ЧпАнаги СОСТОяН{Еи ПЕРСПЕкТИВЫ НД_н|ян аиалвмн
52,Сергей Орлов,Сереей Орлов
53,СИЛА ЦВЕТА' МОСКВА,СИЛА ЦВЕТА' МОСКВА
54,бомбезная кепка,БШШЮИ
55,росгвардия,[ЮШВД
56,ПРОМ ПЕЧАТЬ,Ш?ЫМ ПЕЧАТЬ
57,СВОЙ ДИЗАЙН,(ВОЙ ЩМ
58,ВЫШЕ НОС КУСОК МЯСА!,ППС
59,TopCAR,"ЮЁ(& ,кфвшвмела е"
60,Shut up and FISH!,сШДФь [[5Щ
61,logo,[о9о
62,SENDAYS BEST,"4 МБ41"""
63,GRL PWR,@
64,go,к [с?
65,"Mr. 
 Cards",{Мт: Сагф
66,T-Rex is BEST,1 Т-8ех 8Е$Т!
67,Stale,(Зюю;
68,SHERIFF,@ЕВ
69,I WAS BORN TO FLY,
70,ANKER,[8КЕ@
71,ХочуПива,Ж(ЧУбо
72,CRUSH ON YOU,0& СРЫЗН ?О.
73,REDNECK RAMPAGE,[[Р5сАЕ
74,ALENCIAGA,ИЕМЕТА:А
75,"YORK 
 08",Ы 09 'Я8
76,СБУ,СБУ
77,031НШЕ,(ШЩ
78,"OF CITY 
 STON",{10М
79,RAP,[ВА;
80,YOUTH,"""ошт"""
81,PUmA,{ШИ}
82,ASICS TIGER,@1С [
83,adidas,"(ы"" Кл ~фф@з"
84,NIKE,
85,Vans,[.$
86,day, ос ?
87,RAINE,
88,ТРЕЗВЫЙ И БЕЗ ДЕНЕГ,ТРЕЗВЫИ и БЕЗ ДЕНЕГ
89,ЛУКОЙЛ,лухойл
90,DIMA 29,954
91,LET'S PLAY,{4у
92,KIDS,"""08"
93,"tephen Ki Book Signing day, November 11th at 6","{ер<еп к"" Воок $191 9 Зау ^очеЬег 116 а 6"
94,FBI,(В1
95,simple trin,Ш
96,TAJIMA,шлии
97,Шарден дом вкуса,3 {ОМ' Шорден ВКУСА
98,Мой .рф,Пой рф П ппв & 5
99,Jack Wolfskin,{(к#
100,ДИЗАЙН ВЫВЕСКИ,ДИЗАЙН ВЫВЕСКИ
101,PANDORA,РАЛ)О@А
102,ПРОДУК,ПРОЦУК
103,"PIZZERSA 
 Z 
 HOLLE",но
104,ОЛИМП,@4имп
105,САМОВАРЪ,САЫОВАРЪ
106,GRAFF G MEDIA,сА# ИФОИ
107,SHOP,"""#О2"
108,PIZZA,РЗА ИЯЪЦ
109,M,
110,этисэль САЛОН КРАСОТЫ этисэль САЛОН КРАСОТЫ этисэль,@~ САЛОН КРАсОТЫ @@  САЛОН КРАСОТЫ зм@м
111,Перспектива ,С:^ ! окъ 71 Перспектива
112,PARK,'
113,ЭЛЕКТРО ПРОВОДКА,РПЕКТРО ПРОВОСКЯ
114,HYUNDAI,5А нхнпрп
115,Красное Бел,Красное 'Белс
116,ФизКульт СЕТЬ ФИТНЕС КЛУБОВ,явы с Е1 Ъ ит# вс
117,CH CH,Сн-сн
118,MAMA DOMA товары для дома,ФОМА ТП4 дома ;ля Атобары
119,САЛОН КРАСОТЫ,1410 П Глгы и1ш Р4441пагт
120,Абсолют Банк,АбсапютЫа
121,"ГОСУДАРСТВЕННЫЙ 
 ДРАМАТИЧЕСКИЙ 
 ТЕАТР",госумАвстввшный мАтичвский ТЕАТР
122,OPEN,@₽Ем
123,"всЕзнайка 
 Дитяча студiя розвитку",студоя 898 65 3 розвитку Дитяча
124,ЧАСОВАЯ МАСТЕРСКАЯ,"""илв1 Бп]]л 'И] л ЧАСОВАЯ ШИЕПЕРЕНАЯ"
125,КНИГИ,""" ~(@524  Ы"
126,ApiJo,[ш&
127,ОБУВЬ,ОВУВЬ
128,Банк Клиентский,[4 Ранн Кммемъсьии
129,-А,=1!
130,PASCUCCI,"на @А=ЧЧ д7"""
131,ВЪЕЗД НЕ ЗАНИМАТЬ ШТРАФ 2 КОЛЕСА В ЧАС,ВЪЕЗД НЕ ЗАНИМАТЬ ШТРАФ 2 КОЛЕСА В ЧАС
132,Дореволюционные вывески в Москве,Дореволюционны выввеки Москве
133,"VANIL' 
 кофе булочка",У^ кофе&бухочка
134,ЕЙ ГНИ РМАРК,
135,ВЫВЕСКА ВЫВЕСКА,ВЫВЕСКА ВЫВЕСКА
136,АПТЕКА,А Ш 1 Е КА
137,ESTHETIC CENTER MEAMO,МЕМО
138,-1 URAL FERRUM FI HT LU,Мш ( ( ТоНТ
139,красный куб,КРАСнЫЧ КУБ
140,БУКВЫ,БУКВЫ ГЧНЕР ;ю ЕкПГунн Та
141,CHURCHILL,(
142,N,
143,ЛЮКС ВОДА,ЛЮКС вОда
144,охОта рыбалка,хкОта
145,"сеНоВал 
 трактир",% тракт р СЕЛО 
146,Трюфель,(фисфель =
147,WILDBERRIES,[[Ц)В@@@@Я
148,G,(Ы
149,ЗОЛОТАЯ СТРЕКОЗА,3о0оТА я СТРЕКОЗА
150,МЕСТО ДЛЯ ВАШЕГО БРЕНДА,МЕС9 ПЯВАШЕГО БГЕ ПА
151,Park Claros,Яас оо&
152,"ИП Белик 
 РЕЖИМ РАБО 
 с 9:00",0 РЕЖимешв~ Боми иы 9300
153,WILDBERRIES,3 [<.:@@@[ЕЯ
154,Восточный ветер ТОРГОВЫЙ ЦЕНТР,"ЗОСТОЧНЫЙ ВЕТЕР ТОРГОВЫЙ ЦЕНТР ЕАЯПЕтаР РАЭРАБОТКА , ИЗГОТОВПЕНИЕИ МаНТА Ж РЕКЛАМНЫХ КОНСтРукЦия илл {ЕпЭБ56;"
155,МАГНИТ КОСМЕТИК,МАГНИТ 9 КОСМЕТиК
156,ruine,"'""1 &"
157,Хинкальная,ЭСинкалъная
158,"DeSheli 
 Beauty center",Ф &6е^ Зеяеф сексет
159,М.видео,Ш*?
160,БАНК ЮГРА,БАНК ЮГРА
161,The GENIUS,ЕЖпи Унв (6Е`-€8 иил иалтч
162,TRUSSARDI,"Т2_ЗЗА?>] Тг з-г;] 'сэп$ 3203 ЪА, 50"
163,ОБУВЬ,
164,долг Верни чорт,яе Ве Рии чор1 %о^Г
165,повестки в унитаз!,пторестки УНИТА3 !
166,"СПАСИБО, ВАЛЕРИЙ ГАРКАЛИН",сисиго; чаАлЕРий Итин
167,19-037-84-82 МИХАИЛ,"оо7 #52 ""ИХАИЛ ~З5 ["
168,baby it's cold outside,"""ё 6"
169,КУРСК - СТОЛИЦА СО КРАЯ,КУРС
170,СМЕРТЬ,ППУЕ
171,МАША,59 ₽Ы ^к
172,baby its Cold qutSide,"(( (Ш""? ((к"
173,KING OF THE STREET,К{ы6 8Л 88Т
174,граждане! ПРИ АРТОБСТРЕЛЕ эта сторона улицы наиболее ОПАСНА,ПиИ ИШЕРЕН ПИПНИ НИЕЕ ШЦМ
175,МАТЕЛЕН НА ДОРОГЕ,ОТЕ
176,"МЫ 
 СЛЕДИМ",САск ЦЛШч
177,spring96.org,~р п996ы9
178,63 школа ул. широт ая,63 ШКО^А Шугозин а5 71
179,средняя общеобразовательная школа №,"ПГААМЕГиШа Шиитму 1, "" Глашиин Г (РЕДЦНЙЯ ПЕЦЕЛЕРАЗПШАТЕЛЪНАН пыи1; ТНти [ ЛШЕЛЩММЕАС  Ш"
180,бизнес-центр,=анв5_ца-ц:
181,"АМЕНТ ОБРАЗОВАНИЯ ГОРОДА 
 ВОСТОЧНОЕ ОКРУЖНОЕ УПРАВ 
 ВЕННОЕ ОБРАЗОВАТЕЛЬНОЕ У","РИзИкОМ: РГ}^На ПРЕНЗП ; СТЕЕННая [ >2'ко-ай ВЮЕНТ ОБРАЗОВАНИЯ ГОРОДА М ВОСТОЧНОЕ ОКРУЖНОЕОРПРАВГ ""ВЕННОЕ ОБРАЗОВАТЕЛЫНОЕ У"
182,досугово-спортивный центр гармония,"""н"" ""ДОСУПОВО-СПОРЛЫВНЫЙ ЦЕНТР ""ТАРМТНИЯ"""
183,"We prepare for 
 Cambridge 
 English QualificationsTM","[ы (ашэ (&е [вл @1са@ $"" ереае"
184,Средняя школа 23,Сулняя школа 46235
185,"СЕЧЕНОВСКИЙ 
 УНИВЕРСИТЕТ 
 НАУК О ЖИЗНИ",СвнЕнОвскии Унивтесит НАУК 0 Жмэни
186,"СРЕДНЯЯ 
 ОБЩЕОБРАЗОВАТЕЛЬНАЯ 
 ШКОЛА №143",ПЛшнпчч1 тпитдклпмиыы 'чи 11нПЪ СРЕДНЯЯ ОБЩЕОБРАЗОВАТЕЛЬНАЯ ШКОЛА Ме]4з ГАЕЛГГПНЫННЛГУЧЕНПЕЧАШИЕИИИАшТОУяНГ глычпмиеиитшиннЕкшшшиипт 1тыгпшлтипигиулмнпмтлиид ШыпРиниелмтиыннтп трр
187,"Украинская 
 Торговая Гильдия","П~Еп:Н ЕПС ЕРЧ4енв ПЕГЕПГАНГ БмЕнг Украинская Торговая Гильдия 5.   56',зш # "
188,"СПОРТИВНАЯ ШКОЛА 
 ЯМАЛ","#СПРТИРИЕЯ ""ЧЯ #Ям^"
189,ХОРОВАЯ ШКОЛА Алые паруса ОРГАННЫЙ ЗАЛ,СА!ейя Снтшный 1 еыу
190,СРЕДНЯЯ ШКОЛА 155,СРЕДНЯЯ ШКОЛА [155
191,"Здравствуй, ШКОЛА!",ШОЛА; аэ гц 0
192,мебели,
193,"ЦЕНТР 
 ПСИХОЛОГО-ПЕДАГОГИЧЕСКОЙ, 
 МЕДИЦИНСКОЙ И СОЦИАЛЬНОЙ 
 ПОМОЩИ","пмгшкнтпэтшла ?а цынн =сИх""Пата Иг л]инин пямЕИАлЪ0н ППмаП"
194,МФЮА,шчал #ь МФ[А: Я
195,Управление Книги Видео,Управление- Книги Видео
196,Street Shop,$-г @ < ~Л' .
197,"СТАФФ 
 КИЕВСКИЙ КЛУБ 
 КУДО",4 [ТА4# КИЕВЕКиЙ КАУЪ КУДш
198,точка роста,ТОЧКА РОСТА
199,ЦЕНТР,"""аиомм"
200,НАРУЖНАЯ СОГЛАСОВАНО РЕКЛАМА,{ЛГЛАСОВМНО
201,Территория красоты,красоты Территория
202,СКЛАД ОФИС ДЕМО-ЗЕЛ,СКЛАД ДЕМО-ЗАЛ ОФИС
203,ЛИГА,'4Й
204,ВЫЗОВ  ПЕРСОНАЛА,вызов ПЕРСОНАЛА ~иъагь.я' 1
205,Мил,Ми4
206,Абсолют Банк,0 (Абсолютг Баж
207,ОДЕЖДА,ОАЕЖМ
208,АПТЕКА,АПТЕК^
209,KUCHEND HOME,"НОМЕ ""{ОСНЕЮЦ^)"
210,пальчики маникюр-педикюр,шальч_к_ аникюр-педикюр
211,город Солнца,{(
212,ОЛЛЕГИЯ АДКОВАТОВ г. МОСКВЫ «ПРИЗЫВНИ,"4 аппкин Адвамгуы маг П ; ,"
213,ТЕАТР Аквариум,"ТЕАТР 4с&а/""Е4ТР"
214,Ц,
215,ТВОЙ ДОКТОР,[чК ПогОТазиг ЕДЪ ШОГМ] ШУм ннянии
216,МИНИМАРКЕТ,минимкв д
217,ХЛЫНОВ,илынов
218,КЛАССНЫЙ У ОЛОК,кллясавшышя ял
219,АЗПРОМ Е,Ш
220,переулок якорный 10,П Е ₽ ₽ У Л якоРный 10
221,ПРЕЧИСТЕНКА улица,ПРЕЧИСТЕНКА У Л И Ц А
222,RUE DE POITOU,"ВШЕ ₽ОП"" яшш=в"";"
223,11,
224,ABBEY ROAD NW8,дПЕ #ПДП Ун8
225,улица МОСКОВСКАЯ 5,УЛИЦА МОСКОВСКАЯ 5
226,улица К.МАРКСА 26,УЛИЦА К. МАРКСА 26
227,улица Полевая 35,ПП1 Полевая 35
228,11 улица ГРИБОЕДОВА,11 (вошу)у) УЛИЦА
229,переулокъ,"ПРПЕпЮлЪЫА ППШЧПП1 П ЕРЕУл ОКъ Пгуннг ыщлъичцыщ магн иэпгтсял€и яыг таблички г Нлынинун тпштъукгйн$ПЕы-ылшъ +ШЪ:Пэ=эъцп |ЛиЕ;ктыт""7к ш₽ППр иТиг 'рШк Ецеилга_=п7 ЧЕПП] чилн 'Хсски #[с лкслпи немпличии ииминллпн шчмавшшц {цщ5е<ллч< яыц пъшаптомиы; ""#ц69хьц 4ин &ипцин салем; ТтлнттаТЕ7тТрл 'т5ч=лы аакипкаданошшк Ничнан4"
230,57 СОВЕТСКАЯ улица,57 СОВЕТСКАЯ улиша
231,28а улица ЛИЛИЙ,28а улиЦа 1 И Л
232,улица КООПЕРАТИВНАЯ 15,КООПЕРАТИВНАЯ УЛИЦА 15
233,УЛ. ЩЕПК ДОМ 29 ,"60 71: ШЕПЖИ КЫЛНАШЕ@ ДОМ 29 ""М 09 {50[ДЩ@Е?У ) 3"
234,КАК МЫ РАБОТАЕМ,К#4К МЫ РКБОТАЕН АПЕЕТЫЫиН щнаш [ЗПшГТКЕ
235,18,ташши
236,RICE,@'С;
237,нут,НУТ
238,DONATiON,)[.А'[&
239,НУТ,НУТ
240,RICE,вс:
241,CAR,(А
242,Firefly,"<~с  ;2<* 9чазз @,а)а)а с п 6+Ф "
243,DONATION,[О.ТЮ&
244,PEACE  TRUE LOVE,"РЕД(Ч ""и: [ЭВЕ"
245,Home,"""иЧар"
246,ДЛЯ ХОРОШЕГО НЕФТЯННИКА,"ДАа КОРШ:П ""ФЛЯИНИК"
247,PASTA,Р 5
248,ДЛЯ / ЛУЧШЕГО / ДИРЕКТОРА,ДАЯ ХУФШСГО ДИРСКТОРА
249,Raspberry,Яи-беу
250,TRAVEL,Т?АЪДЦ
251,NATRII HYDROCARBON,"Р72 "" . ИкОЛлс  _кеши РБАЧИЕ 'и' , , ~ека #4 н'[ @А ""} &АК]"
252,FOOD DONATION,#ОО. )О_АТО.
253,ACAT BEKKY,
254,CanStockPhoto.com,Сап:-к-п~о сош
255,банк россии 10 рублей 2022,РУБЛЕЙ 2 0 22 ?оссян БАНХ 6
256,НотарiуС,@омдьи@
257,100 EURO,2 з2 00 2оя6 онь ~00=чв% 200 твон
258,DREA S,1
259,СЕЛЬД,1
260,ЧЕЛОВЕК ТРУДА,3 ТРУДА
261,"В баньку заходи, если чё",Ввчньку ЗЧХОАН; ЁсАн чё
262,2,
263,OF NATURE,Цшут {А? @Е
264,РОССИЮ!,Цессию .
265,На отопление,0 ОПОПЛРНШЕ
266,NK OF RUSSIA,аз ~ззи
267,не жалко добавь не хватает возьми,н: #АпнР ДоБлпъ .
268,Что за надпись ПТТ на банкоматах в Турции? Это банк?,"Что за надпись ""ПТТ"" на бакоматах в Турции? Это банк? ЧЕ}аАЕЫ"
269,Yeb ,~ошь
270,СБЕР Для жизни,СБЕР Для жизни
271,00 EU,"ОО5"""
272,"Эй, бизнесмены ! К вам опять из банка приходили",Адять Цйнг  Пыагнсшв темтатишя
273,ЧТО НИБУДЬ ПОПИТЬ СО ВКУСОМ ЛИМОНА,ЧДО НИБУДЬ ПОПИТЬ (0 ВКУСОМ ЛИМОНА
274,MasterCard VISA,[.%4 Пшыы
275,CRISIS,с ₽ [''$
276,САНКТ ПЕТЕРБУРГ ПЕТР I ПРЕОБРАЗОВАТЕЛЬ,<ЕТЕ ₽ Б У₽д САН Кт 3 (РЕОБРАЗОВАТЕМ?
277,Ces e emps des cerises,~~ Фх сежёзех ~л;' 
278,Сеченовский Университет,#АЯПЕАТОР РАЗРАБОТКА; ИЗГОТОВЛЕНИЕ И МОНТАЖ РЕКЛАМНЫХ КОНСТРУКЦИЙ ~жж519 365 г (пНСИНМ
279,НАУКОЖИЗ,#АЯПЕАТОР РАЗРАБОТКА; ИЗГОТОВЛЕНИЕ И МОНТАЖ РЕКЛАМНЫХ КОНСТРУКЦИЙ шж519 365 г Нш
280,московский педагогический государственный университет,ынан_ъыш 1ат паин иаисв; ТЕдемАна Бюдт ШЛПор 'овааоасиобствЕнна дЕнхт ОгзоПшЫ; 'МОСКОВСКИЙ ПЕДАГОГИЧЕСКИЙ ГОСУДАРСТВЕННЫЙ УНИВЕРСИТЕТ> Шт :шаншчэЕаи гяетысша_ан
281,оптика,ОПТИКА
282,лужский государственный университет,ВЕННЫ = € Аато
283,БОМБИЧЕСКАЯ ШАУРМА,БОМБИЧЕСКАЯ ШАУРМА
284,СИБИРСКИЙ ГОСУДАРСТВЕННЫЙ АЭРОКОСМИЧЕСКИЙ УНИВЕРСИТЕТ имени академика М.Ф. Решетнёва,'АНИВЕРСИТЕТ ОСеМИкадемика МФ Решетнёва ГОСУДАРСТВЕННЫЙ СИБИРСКИЙ АЭРОКОСМИЧЕСКИЙ
285,ЕВРОПЕЙСКИЙ УНИВЕРСИТЕТ ГОСТИНАЯ ПРОФЕССОРСКИЙ КЛУБ,"щэ € олао ЕВРОЛЕЙСКЦЙ УНИВЦРСИТЕТ а  9с56 ЮОСТИНАЯ ШРОФЕССОРСКИЙ КЛУБ """"шиыелны"
286,кристалл ювелирный магазин,КРИСТАА ШмнГАоин ~Е#мый
287,брэнд медиа,БРЭНД [Едид
288,аптека,
289,АПТЕКА,ЕШПТЕКА
290,"Акционерное общество Клинический госпиталь ""НейроВита"" ",ПланачЕскым тоспшаль вИеароВшач
291,Шаурма,[Шормо
292,УНИВЕРСИТЕТ,Уиметсин миэ
293,cfmoto,гшашта 'тап
294,государственный университет высшая школа экономики,ВЫСШАЯ 'ЭКОНОМИКИ [{И-з эжАВ Ы УНИВЕРСИТЕТ ГОСУДАРСТВЕННЫЙ ШКОПА
295,Жилфонд,"кЖилфонд"""
296,ОТЧЕТ о деятельности Муниципальной библиотечной,5 Птштпынй-т Минактыпьчнймбшпагинаа 7ы0глп
297,ЛАВКА,и ЛАВПЕ
298,сележ электро,"""СЕ^ЕЖ -Э^ЕТРО"
299,материалы 67-й универсальной научно- технической конференции студентов и молодых учёных,МАТЕРИАЛЫ
300,юность,юпос ь
301,RISE LOUTEK,3('- !ТЁ'
302,О,
303,алерея,1 [ЕЕЯ 550
304,император ба,
305,КОНГРЕСС,"КОНГРЕСС 4-ш,7451ыгмипинмэч Нх"
306,R4S,0 +~
307,ЦЕНТР ВРАЧЕБНОЙ КОСМЕТОЛОГИИ,ГКОСЫЕОЛогии еПеенм
308,Сергей Атремьевич Айвазян,Сертей Пыинп АЙвазян
309,HOURS O OPERATI MO  8am-6pm S - 5p  su  ,НОШ@З @*0РЕ^]( Мор Зш-6рш & (5р11 20 ЯУ ЛМрафИЮа ЭШ ПраФ7
310,P UM HANDMADE ODUCT COFFEE MADE SA,ГС 0 ₽ Е Е Е :|
311,Qudos hair design,"#0 {еяём ,;'"""
312,Ваш Текст,"Ъч(@к%"""
313,Я ЛЮБЛЮ,2 6 
314,MIIM DESIGN PRESENTS BOM Boom 3D LETTERING with 3 color alternatives,"М М М [Е 5 1 6 # Р ₽ Е $ Е МТ $ 3 ) [ ЕТТ Е ₽ ] Ы 6 ~& 3 ~~у ""~м  }"
315,знан ИСТИН,ЭНОН} {Ш
316,ВИДЕОНАБЛЮДЕНИЕ МОНТАЖ ПРОЕКТИРОВАНИЕ 8 961 536-04-12,ВИДЕОНАБЛЮДЕНИЕ МОНТАЖ ПРОЕКТИРОВАНИЕ 8 961 536-04-12
317,GalantClub,"(""лСеже"
318,спасибо за больного сына,ПАСиЛз6 '1++ ДОРОЖНЫЙ ИНСПЕКТОР БАЗ Ч6т =Ъ:'_
319,Wash me,9]
320,REKLAMA NAPISY NAKLEJKI,ВЕКШШ ~шы ШНКЕЛИ
321,Никаких больше вечеринок,"Щижожи? (04Ъ""ё {МерУток"
322,Машина  куплена в комплекте с правами,Машина куплена в компАекте с правами
323,20,20
324,БИЗНЕС,Еизне
325,Ваша надпись,'аша 'набпшсь
326,К45,
327,НЕКОУЗСКИЙ,~4 Ресв: [ Ресшек некоузский
328,"КЛУБ РЕНО сервисы, помощь, общение, встречи",КЛУБ РЕНО сервисы; псмощъ; общение; встречи
329,PLAY DALNOBOY,"еи оАшово,"
330,Ваша надпись,Шаъ Вашо
331,nokstv.ru,"[@@[""@Ч"
332,СЕГОДНЯ МОЖНО,МИИ 1 |
333,Dicas,"г,  Тасъ"
334,BAD GIRL 230573 POLICE DEPT.,ВА) 6'@_ 230573 РОЦСЕ [ЕРТ
335,1,
336,УПАКУЕМ ВСЁ!,ЧПНКЧЕМ ВЕЁ!
337,Stay wild,9  {яч;
338,STAR WARS,ш: ~ДР;
339,УСАДЬБА СЕМЬИ ТИТОВЫХ,"УСАДЬБА СЕМЬИ ТИТОВЫХ Пастраециа 2014 годт ПЕ:е""лИНГИ аЫ""иини Пшаша БППЕН= ЧШЕФЛНЕЕИНЧ Титала Сергск ЕалерЬеиЧМ УстНРНИНН: [1ты7г"
340,KRONOS,[Ш[ 0 $
341,"Издательство ""Экзамен""","Издашельсшео КЭКЗАМЕН"" ш # "".1  0]? &"
342,АДВОКАТ ЛИТВИНОВ ТА ПАРТНЕРИ,АДВОКАТ ЛИТВИОВ ТАЛАРШНЕР
343,СР ОБЩЕОБР ШКО А,вшша Муниыж отигастду с}шшя ОЫШРОБРАюАлыца шлам
344,фисный центр СПЕКТР,@фисный центр СПЕКТР
345,96 проспект МЕТАЛЛИСТОВ,9 проспект МЕТАЛЛИСТОВ
346,YACHTING Туристическая компания МДМ-Яхтин,"[ ХА СНТ1& € 1""ристичвская КОм Пания МДМ-Яхтин-:"
347,BEER DA,"ВЕЙК@""ЬА"
348,НОТАРIУС,"МШСТЕНТЛКЕМШли НОТАРМУС ~иичЕштшпаы4 иыча ""Еэ и5} 1 ешлиштана м"
349,Детская а искусств,Пат 6т шеъ Атврши штаскпк Детская а искусств
350,ИНФОРМАЦИОННО-АНАЛИТИЧЕСКИЙ ЦЕНТР ДЕПАРТАМЕНТА ЗДРАВООХРАНЕНИЯ ГОРОДА МОСКВЫ,"шмшмнлат Тосудлрнтненныс 1""нъщщанн линакеотрангенка нъпнмАцнонниппшчьский цын ЩЕПАРТАМЕНЯЯДРАПООХРАНЕШЛ гаРОоркты"
351,ОСТОРОЖНО! Во дворе злая собака,ОСТОРОЖНО! Во дворе злая собака
352,ВЫВЕСКА,ВЫвЕСКА
353,ФЕДЕРАЛЬНЫЙ ИССЛЕДОВАТЕЛЬСКИЙ ЦЕНТР ВСЕРОССИЙСКИЙ ИНСТИТУТ ГЕНЕТИЧЕСКИХ РЕСУРСОВ РАСТЕНИЙ м и Н. И. ВАВИЛОВА,МИНИЛТЕРТРО НГУКИ ИВЬ ЕШЕГО ПьпД_ан-ния РаСЕИСКОК ФЕПЕРАДИН СЕДЕРАЛЬНПЕ ГЧЕОЕАРЧРЕЕННПЯЕБЮДЖЕТНОЕ ФЕДЕРАЛЬНЫЙ ИССЛЕДОВАТЕЛЬСКИЙ ШШЕНТР ВСЕРОССИЙСКИЙ ИНСТИТУТ ГЕНЕТИЧЕСКИХ РЕСУРСОВ РАСТЕНИЙ имени Н И: ВАВИЛаВц @УКтсвпе вста 1Еа
354,о аша ПО ДА!,наша ЛОБЁАА!
355,ИЗГ Б,5 изг
356,гоэлро 2: пуск 2 блока еро-западной тэц,тееое: тэц Фнлляой  оо
357,уход за собой,11 [ ШЦ;
358,Э О УЛИЦА A LIVIN R T 22,
359,красная книга санкт-петербурга 2018,КРАСНИЯ КНИГА САНКТ-ПЕТЕРБУРГА ИП;
360,НЕТ ВОЙНЕ 2.7,"ВОЙНЕ 27 П9 ч"") {яТ"
361,RPK Group ТИПОГРАФИЯ,"#ЬСгчр ""ТИПСГРАФИЯ"
362,1 2,1х2
363,Ф,
364,Восстания,[Восстания
365,РОССИЯ,'ЕВЕБЙя
366,СИТИ БЛАНК,ЕЕлдик
367,City,
368,СТАРТ,Шяа СТАРТ
369,Это наша ПОБЕДА!,ХЗБЕАХ'
370,Coco Bongo,{8@
371,crpp.ru,Пн сГПа п
372,УВАЖАЕМЫЕ ЖИТЕЛИ САНКТ-ПЕТЕРБУРГА! ПРИГЛАШАЕМ ВАС ПРОЙТИ ВАКЦИНАЦИЮ ОТ COVID-19,"УВАЖАЕМЫЕ ЖИТЕХИ СДНКТ-ПЕТЕРБУРГД ! ПРИГА @ШЕЕМ Ецг ПРОЙтИ ЕАКЦИНАЦИЮ БПУП 1 € ЗыпиЕлтьса#ппакшни-икюмЕо Бпнтан Еш:-]ц Топт 4пьям ""1ти миарчпцяшиш чгын ПЕЛЕ ЫЫШ< [а,- 'рщшчитшин саься 9 об 2 Дг[а ШЗКШИнЗЦнм 9 {!ш: =пи-ппнул н-+апч тамъЕна"
373,"BANNER more sensors, more solutions","'ваматъд, щоге з@п:о<$; щоге $6о>$"
374,МЫ ОТКРЫЛИСЬ!,ЛПЭШЕЫ
375,Фотофакт. На Исаакиевском соборе в Санкт-Петербурге появился баннер Не РПЦ. Подробности скандала,"иан Фотофакт: На Исаакиевском соборе в Санкт-Петербурге появился баннер ""Не РПЦ' Подробности скандала"
376,Героические защитники Ленинграда,Героические защитники Ленинграда
377,БЕЗОПАСНОСТЬ информационных технологий ФОРУМ - САНКТ-ПЕТЕРБУРГ 2021,БЕЗОПАСНОСТЬ БИТ информационных технОЛоГиЙ ФОРУМ САНКТ-ПЕТЕРБУРГо 2021
378,Peterfood,"""еФД пппава ВОННАя выетъан Ре@г{ 9ф ынырэн Еини-Пттчнан Клятчягии; ГйПА ~О пгани-нк ! СЫТЯ (₽п4л-чаляна"
379,ПОСЛЕ ПОБЕДЫ Ленинград,1 ПОСЛЫ ПОБЕДЫ Иле
380,IV САНКТ-ПЕТЕРБУРГСКИЙ АРИТМОЛОГИЧЕСКИЙ ФОРУМ 18-21 мая 2022 года Санкт-Петербург,[У САНКТ-ПЕТЕРБУРГСКИЙ АРИТМОЛОГИЧЕСКИЙ ФОРУМ 18-21 мая 2022 года Санкт-Петербург
381,официальный дилер в санкт-петербурге и ло,ОФИЦИАЛЬНЫЙ ДИЛЕР В САНКТ-ПЕТЕРБУРГЕ И ЛО
382,Тула,Тула Гя
383,КАРТА РАЗВИТИЯ ОСВЕЩЕНИЯ САНКТ-ПЕТЕРБУРГА 2022-2024 ГОДЫ,КАРТА РАЗВИТИЯОСВЕЩЕНИЯ САНКТ-ПЕТЕРБУРГА 2022-2024 ГОДЫ
384,SAINT PETERSBURG,Я^т РЕТЕРЗ:Ы;
385,ИНВЕСТИЦИОННЫЙ САММИТ РГУД 17 марта 2022 Санкт-Петербург,инвЕстиЦИОННый САММИТ РГУД марта 2022 'санкт Петербург
386,С ДНЁМ РОЖДЕНИЯ!,ДНЕМ РОЖДЕНИЯ]
387,Visit Saint Petersburg!,"КомИТЕТ РАЗВИТИЮ {РЛСМ 1РКЕЫЧЕЕ шТыгннв САНКТ-ПЕТЕРБУРГА БЮРО [йз+ $,й<+ Ре+@ зЬч 9!"
388,СПБ ГБУЗ ГОРОДСКАЯ БОЛЬНИЦА,СПЕ ТызПИЕМЪЕВА
389,НАША ВЕЛИКАЯ ПОБЕДА,'ЧЫР 'ВЕКАЯ ПОБЕДА НАША
390,MARLIN Лодки-Питер официальный дилер,МА?_` ₽шЬ;- Лодки-Питер афициальный дилер
391,УПОЛНОМОЧЕННЫЙ ПО ПРАВАМ ЧЕЛОВЕКА В САНКТ-ПЕТЕРБУРГЕ,УПОЛНОМОЧЕННЫЙ ПО ПРАВАМ ЧЕЛОВЕКА В САНКТ-ПЕТЕРБУРГЕ
392,Филипп Бедросович Киркоров,3<:- 21 анлябЕя 201 - &оомои Роашсхош тзСтрааы пагаан шитоссии@чер9ш Фцлцпп Бебросовшч Каркоров наршт
393,В ПАМЯТЬ О ГЕРОИЗМЕ И МУЖЕСТВЕ ЛЕНИНГРАДЦЕВ В ДНИ 900 ДНЕВНОЙ1 БЛОКАДЫ ГОРОДА СОХРАНЕНА ЭТА НАДПИСЬ.,В ПАМЯТЬ 0 ГЕРОИЗМЕ И МУЖЕСТВЕ АЕНИНГРААЦЕВ В АНИ 9оо АНЕВНОЙ БАОКАДЫ ГОРОАА СОХРАНЕНА ЭТА НАДПИСЪ
394,Фамилия Имя Отчество,"Фамилия Имя Отчество 12 [2.2012 - 12022112"""
395,ГР Сергей,Сергей
396,СЕРГЕЕВА-ЦЕНСКОГО,герган Нъгтд ЕВИЧА СЕРГЕЕВА-ЦЕНСКОГО Пааз
397,Кутузов Александр Петрович 1777 - 1817,"Кушузов   Алексанор Яёешрович 1777 - 1817 Тенерал-майор, кавалер ороенов: Сз: #6 80 #асс;; Се: Фхадажира 3-# €""еценц, Съ; Теораая 4-20 класса  Сароаско2 Со Яазрцкая Лазаря бсхьщо2о кресна; имебший золощую 17а2)) набшсьюо ""За храбросиь сребряную жсоаль памяшь 1812 :)6 Теров 8о1н Францчей учаспк сажен: ко0 /усшераинем Фридхандож, ФБородино Ларушино Малоярославцеж; Красккы# : Люшненож Лосле Фороотжско2о сражения Тенерах Фохнуров докмывад фехьомаршалу киязю Кушузову Ж:%: эмаёАовскчй # Дшповский похки ооказахи ооспошную ""Русских храброспь Необыкновен ыж €вошж муяесп8ож они уерживалн спрежхенше #епрцяшезей "" поражаяи {<ловсюоу шыкажи Жочъ засшч2хл Узжайховскай подька пож мескке Ал Изжайлбастом пол 20е 0# споял поушру Жушузов 60324681 <20. поске ранения #шБехи с#рших командшров . Яука был Шлекшем Ажузсчг Феревни Кузнецово жнэиан; тги ватш 20Ялыш чеашш  Х1ъуалюота тадш Фуоклл 0 -0 Экя рании6 8)? &тмаоро О1 повамкоя Фонжат {7 мглш. Еаы /41 Шгид 243 + аз@г- Яжался 'роЗозым ш_"
398,ВЫСШИЕ ЖЕНСКИЕ БЕСТУЖЕВСКИЕ КУРСЫ,"ИЯП ""КЕНЕКИН БГГГ Крсы"
399,РОМАНОВ Петр Алексеевич 1672 - 08.02.1725,томАнов Птр Алегеешич лаатъа
400,Лучшему ЗТРу,учшему ЗТРУ
401,Миронова Валентина Валерьевна,Миронова Валснтина Валерьсвна чаптэчат пНЕкк11;
402,ВЕТЕРАН,ВЕТЕРЯН ? ОТЕЧЕСТЛЕННОМ
403,Анашкин Владимир Васильевич 10.11.1951 - 28.03.2014,"@< ЭЗа9члищ"" ЭЗас_ьеби 70.14.4954 28.03.2044"
404,МОНОЛИТ СТОУН изделия из гранита,монолит СТОУН иъпррн
405,ШЕРШНЕВА 1 УЛИЦА,ШЕРШНЕВА
406,Мемориальная колонна века,"Шемапалинат #ра.= Х,Ш] некя"
407,СВЯТОЙ ИСТОЧНИК ЖЕНСКАЯ КУПЕЛЬ,@ЕЯТОЙ ИСТОЧНИК женсКАЯ купСАь
408,Валерий Александрович 05.2016,Взлерай АЕлеКсандрович ч4?
409,БИМ,
410,"Поклон тебе, сестричка","""Поклон тсйе, сестричка * ССЕНАК ШаШксп4нииаываНЕШНПтчь ШгЕцч5 ЕленьиЕ-я-ю = зъ-Ш ШазПЧакУшчкы Езашч; фыыпка Шня-ШЕпЕ шь Нмлнт тыл рт:= Шетян ЦапШяи П~Ш1ке ш: !5: Снлыптп: ппПГаллы К#Енний мтмшЭю МАяЧЕнк ""же ""ктпгелп Шнеун нПнми ткнирач ""ексе 'га"
411,Together Forever...,%о%е+`т (от'тет.
412,МЕМОРИАЛЬНЫЕ И ПАМЯТНЫЕ ДОСКИ,ШЕМОРИАЛЬНЫ ПАМЯТНЫЕ ДОСКИ имитъш экэ# 1 ащв
413,Это нашей истории вехи,"Это нашсй истории всхи Ш,аттыпин П] #ишккнн:# Пнненшыы"" Ин;шы/' 9  с"
414,мерня нна Евсеевна 18.10.1925-28.03.2011,мерня нна [всеевна {810195-8803900
415,ХРАМ Св. благоверного великого князя Александра Невского,"Явгсузссэн матэваа,т прщ Апии ХРАЛ @к  Б.агокерного Ке,НжАго АлЕксандра ПексксГ? кнЯЗЯ Еи: Тч4."
416,Таблички с отметками наводнений восстановили в Петропавловской крепости,"^ ` = 7 ' ;Е'?: 2 КР @_ Общество ОВЪПО ОЬНИ ₽'.;' , ,;₽' {: В ГГ 1 ' ГЁ;]ЯЬ  } ; П615 Таблички € отметками наводнений восстановили в Петропавловской крепости"
417,УВАГА! ВЕДЕТЬСЯ ВIДЕОНАГЛЯД,УВАГА: ВЕДЕТЬСЯ ВДЕОНАГЛЯД
418,Евсеева Раиса Ефимовна 22.11.1926 - 15.04.2020 Вечная память...,"Евсеева Раиса Ефимовна 22.11.1926 -75.04.2020 ЭЗ@я У^ЗНМАСЕ ~""я ="
419,www.shukach.com Автор фото Tan-Tol,АЕБРРЭС шш $/ц[;-/со/ Авто фотс Дап-Л[ {Бь3 ^ 1 4
420,Горько!,оръёо !
421,Анфиса 20.12.2006-17.02.2022,Анфиса 20.12.2006-17.02.2022
422,Аветисян Эвелина Арташесовна 02.VIII.1936 - 28.VIII.2009,2в~те^ эвехии Арташесов 2х УА  02.У-9з6
423,Петрова Ирина Васильевна 12.03.1898-14.05 т2,Петрова Ирнна Васнкьевна 12.03.1898-14.05. т2
424,СБЕРБАНК РОССИИ,СБЕРБАНК РОССИИ
425,АНИКЕЕВ Владимир Иванович 22.01.1951 - 09.10.2018,АНИКЕЕВ Владимир Иванович 22.011951 - 09.10.2018
426,Самвел Григорьевич / КОЧАРЯНЦ,САЧЕЕЛ ГРМГОРЬЕВИЧ Ч 4 ₽ Я Н Ц
427,ДОБРОВОЛЬСКИЙ ВАЛЕРИЙ ИВАНОВИЧ 20.11.1959 - 18.07.2020,ДОБРОВОЛЬСКИЙ ВАЛЕРИЙ ИВАНОВИЧ 20.11.1959 - 18.07.2020
428,Минеев Александр Евстафьевич 10.09.1922 - 15.08.1998,"08 Ый Минесе Александр3 ) Евстафьевич 7.1998 ,15.08 . 41922 . 10.09."
429,ФЕТИСОВ ВАНЕЧКА,ЕЕчНа; Пи-н} ФЕтисов ВАНЕЧКА ацазпч
430,ЗАВОДСКАЯ 29,{ЗАВОДСКАЯ 29
431,ЗОРИН,";ндгси ;ЦА7ЫПЪПиъ ЗОРИН чыа[ячЕ КЕ]ИпАчн ""хнясеРвча р ПРЕЛТЕ;Пна Ееналино п"""
432,VLADIMIR SKROD 02.1955 - 05.02.,"ПМ 1 $кжоы ~_А.Ш`К 05.02, ~02.11955"
433,ФАМИЛИЯ  Имя Отчество 00.00.0000 - 00.00.00000,ФАМИЛИЯ ИМя Отчество оО.ос.0ООО- оО.0о.00О05
434,ЧУБАРОВА,ЧУЕАРОВА ш #2
435,ФАМИЛИЯ Имя Отчество 00.00.0000-00.00.0000.,"92 9@ ФАМИЛИЯ Имя Огчество оо.оо.оооо-оо.оо,оооо ""ам]Ц-зшЪ] ~й_Е = 'б"
436,КОРОБИЦКАЯ Элеонора Владимировна 20.09.1937 - 07.12.2018,КОРОБИКАЯ ЭЛЕОНОРА ВЛАДИМИРОВНА 20.09./937 [ 12.2018 ЛЮБИМОЙ М#МЕ и БМБЧШКЕ ЛМНИМ ВсЕГДН.
437,ГРЕШИ ЯРЧЕ,ЯРЧЕ ГРЕШИ
438,ХОЧУ ЗАМУЖ ВИНА,ХОЧУ ЗАМЖЖ ВИНА
439,СНИМИ С МЕНЯ ответсвенность,СНИМИ С МЕНЯ ОТВВТСВВННОСТЬ
440,я никакой как все,Ч НИКПЮОЙ КПК В:
441,"НЕ АЛКАШ, А ДЕГУСТАТОР","НЕ АЛКАЩ, ^ ДЕГУСТАТОР"
442,Я РУССКИЙ,РУССКИЙ
443,СВЯТАЯ РУСЬ,(ытаф
444,"ПОЖАЛУЙСТА, / ВКЛЮЧИТЕ СКРИПТОНИТА","ПОЖАЛУЙСТА, ВКЛЮЧИТЕ СКРИПТОНИТА"
445,Я РУССКИЙ,[УЗЯКИЙ
446,тупые дефки как же я вас блин ненавижу,тупые дефки как же я вас блин ненавижу
447,MOSKOW,Мб84@ж
448,РОССИЯ ЖИВЁТ СКОРОСТЯМИ,
449,Любимая ЖЕНА,{юВшщан ЖЕЙ
450,123ФУТБОЛКИ,ФУТБОЛКИ
451,ВЕДЬМЫ НЕ СТАРЕЮТ,[Н ₽ ВЕДЬМЫ [С ТА ₽ Е Ю Т
452,Тройной бонус МТС утраивает ваш стартовый баланс,Т роЙй МТСутиал Етартовьм 65лис Бонус
453,Летний безлимит на три любимых номера Акция с 14 мая по 31 августа,"{Летний безлимит% на три любимых номера Ация €14мая па авгупта Уней (одеше 06 68 Б,лабн"
454,Знай каждый номер в лицо.,"каждый номер в лицо Е30 ""ы  /,с#со/ Знай"
455,МОНЕ,МОН€ БЛШебство нежду намИ 5шш _ (шъ 5Еш джинсовый стак СКИДКИ 7036
456,"СИЛА В ПРАВДЕ, КТО ПРАВ, ТОТ И СИЛЬНЕЕ ","401 Елыя п7ц? #ет не тпЁо?   #ету; #-,Л[О )ОБМАНУЛ, ~КИЛ7 ПРО ""#ст д} АЧА? Смивиавна ПРАРАВ ТСИЛЬНЕЕ намкл 'вкег ашнышъа; Спл #АНИЛЫВ"
457,ВСЕ РАВНО?!,@ЕЕРАВНОТ |
458,СИБИРСКОЕ ОТДЕЛЕНИЕ РОССИЙСКОЙ АКАДЕМИИ НАУК,СИБИРСКОЕ ОТДЕЛЕНИЕ РОССИЙСКОЙ АКАДЕМИИ НАУК
459,LG, ЛЛАСЯЕНЕ }
460,РЕКЛАМА НА ЩИТАХ,РЕКЛАМА НА ЩИТАХ 7
461,ВАША РЕКЛАМА,Ши РЕ]ЛАмЯ
462,ЗДЕСЬ НЕ МОЖЕТ БЫТЬ ВАШЕЙ РЕКЛАМЫ!,ЗДЕСЬ НЕМОЖЕТ БЫТЬ ВАШЕЙ РЕКЛАМЫ!
463,ЩИТЫ 3Х6 В ВОРОНЕЖЕ,"83л,л ВЕСЫ КАССЫ МЗОРыАЕНЕ ЩИТЫ ЗХ6 В ВОРОНЕЖЕ"
464,БЕТОН,(291 слово БАн НАШЕ 777 78 71 +375
465,"Спасибо,  доктор!","Съасц4; ЕРЕТЛАНА ГЪНЧ""КТВА шж, Касстсцотар &с0424/1"
466,ШАЛЯПИН,шпишн
467,JOHN DOS PASSOS MANHATTAN TRANSFER,ЗО-~ [О$ ₽ДЗЗОЗ МАМНАПЫМ '#/.З-:?
468,99 ТАПОЧКИ,99.9 ТАПЕЧНИ
469,ТОВАРЫ,45  0 ТОЗРЫ Атаъматуммивн геавит
470,День Главбуха,День Главбуха
471,FITNESS GYM,"""шгичыи [* З56 лЛл 4Штв; Пшя"
472,7,
473,Держим это место для вас!,Птаит Дерким Это место ^ла рас'
474,строительный,СТРОИТЕлЬНЫ?
475,THE FIRST-EVER,НЕ П@ЗТ-Е'Е? [я  апнси+нлО Б?}
476,NOT SORRY FOR THE WAY I LOOK,"~&д+; $'&:? #о/ тИь ""4У [ФФЩ"
477,- КАКАЯ ПАНАМА?,КАКАЯ ПАНАМА?
478,"В чём сила, брат?",В чём брат? сила;
479,Carlo Rame o Cou,Саг^?яш-@(<:с 1 [ МО5 Ю]
480,"ЭТА НАДПИСЬ НИ НА ЧТО НЕ прЕТЕНДуЕТ. Ну, может быть, кромЕ ПрОЧТЕНИЯ","ЭТА НАрпИ(Ь НИ НА НЕ ПЕТЕННУЕт; Ну,МЬЕТ БЫТЬ КРФМЕ ПрОУТЕНИЯ ПТо"
481,43,*
482,ТЕБЯ,ПЕПО
483,"УЙДИ, НО ОСТАНЬСЯ",НО ОСТАНЬСЯ УИжИ
484,g,
485,Расцветай! пока в тебе что-то осталось.,РосщЗемо & гглп огмяхось Щ-бе томщ ть
486,К ЧЁРТУ ВАШУ ВЗРОСЛУЮ ЖИЗНЬ!,~ор #ы€₽ #рыз ? @
487,ISIS,1'1Я
488,K,' } ~оэу ~
489,r.,"~""' ""78"
490,ЛА АК,НКш
491,Город Чистых Стен Тверь - город воинской славы,Город Чистых Стен вааь горЕл ваинскпи -Лавы
492,КРЫМ КРАЙ ПАРТИЗАНСКОЙ СЛАВЫ,цювм @@ [Шшн ПАМШИшКОМ
493,ЧЕЛЯБИНСК,ЕЙЕДЕИ
494,ЧЕРЕМХОВО,'ДЕГЕМХШН
495,МАРIУПОЛЬ,778 (4
496,МЫ ВАШ ТЕКСТ,Е > ВАШ
497,ЛЕНИНГРАДСКИЙ ФРОНТ КОМАНДУЮЩИЙ МАРШАЛ СОВЕТСКОГО СОЮЗА Л.А. ГОВОРОВ,ХЕНИНГРААСКИЙ ФРОНТ КОМАНАЮШИЙ МАРШАЛ СОВЕТСКОГО СО*Ъ; ЛА: ТОРОРОВ
498,ГАГАР СКИЙ РАЙОН,ТАГАМШЕКИ РАИОА]
499,Sir Charles Clore Park,ЯНЛВНУШН {[[*-]З *-
500,САМАРА,(~А
501,МОСКОВСКАЯ ОБЛАСТЬ,ЖОСкО_сМ= ОБЛАСТН
502,Марiуполь,МарУПО _.
503,ЛЕНИНСКИЙ РАЙОН,"""ищскил Ра;"
504,КАЗАКСТАН,КаЗНКЕТНН
505,а,{д
506,ХАКАСИЯ,
507,САРАТОВ ГОРОД ТРУДОВОЙ ДОБЛЕСТИ,ТОРОА САРАТОБ ТРУДОВСЙАОБКЕОТИ
508,Я НОВОРОС ИЙСК,НОВоРосСййск
509,Я Красноярск,КРАСНОЯРСК
510,1843,
511,Место дуэли,"Мест, Дуллн"
512,Я,@ОШ*8О ;
513,EQUATOR,$ [Шашы
514,Стелла,Яжел-у
515,МАСЛОВ Юлий Георгиевич,ЧАтоа 1
516,СЕРГЕЙ ИОНОВИЧ 09.02.1954 - 30.09.2006,иАплов СЕРГЕЙ ионокп [944]5 - #Л9 Ж#
517,1941 1945,8300 8 1941 1945
518,НОСИТЕ ШЛЕМ,НОСИТЕ ШЛЕМ
519,Лучшая карта  с кэшбэком,'Пгша партэ ашомам
520,30,430 'И 
521,МЕБЕЛЬ,МЕБЕЛЬ мескы : Алшныше нъхов ЯЮ
522,МОСКВЕ ВАЖЕН ВАШ ВЫБОР! 9 СЕНТЯБРЯ,МЗЕКВЕ [П ВАшвш ЯСЕНТ2БРЕ ЕПм
523,Смоленск,Склнш
524,МОСКВЕ ВАЖЕН ВАШ ВЫБОР!,"шмн *,ЕКП [ ВАЖЕН ' ГЕНТЯБЕН (им"
525,частный детский сад начальная школа 8 495 137 87 02 academ-school.ru,"САД 'дЕтскИЯ  чАСтНЫЙ , 'ШКОЛА  НАЧАЛЬНАЯ  8 [695) 137-87- асаае-нлоз_"
526,Reebok EA7,@@ФЖК Е47 [ЛКУИ
527,Москва - город герой!,[осква город герой}
528,8-800,
529,ТЕХНОПОЛИС МОСКВА,ТЕХНОПОЛИС МОСКВА
530,Мария Хренова,МОСКВА; Московский госупарственный университет имени м:в Ломоносова Назролй ФИЦ Биотехнологии РАН Ученый З5лет мария Хренова Разработала модели дляописания Ферментамивных реакций имеющих практическое значениедля медицины 0+ годнаукиорф [(495) 225 20-40 ШОВА РАСВЭРО Ш} ПОРДИИЫ Шоя ШИМЛЮ
531,WomanJournal.ru портал для разных-преразных женщин,Ф $ 1 Ъ>:<]огагъ портал для разных-преразных женщин
532,"8 июля День семьи, любви и верности","июАя День семьи , Аюоби берносии"
533,РОССИЯ СЕГОДНЯ,":ИЯ )Е/:П к ,ат @двс&"
534,ДОМ У ПАРКА,'ЯМРКА]
535,Smart Region,'щаг\ @@ оп
536,Smart Region,щаг- ши [9@@
537,DON GIULIO - SALUMERIA FORMAGGERIA,)О& ;[_Ц0 ЗАЦЕ^ [ЯМССЯК]
538,HDLT,Н._Т
539,1,ЪЕ ^; 2023 1
540,В Полтаве появились билборды с призывом идти на Москву,"КР ₽Ы Полтаве появились билборды призывоб идти Москву' ""а- я, 61та Новатть"
541,metro,"ше+,@"
542,АЛЯСКА НАША!,АЛЯСКА НАША!
543,Яндекс,#4 иНые 1огиИ Я ВНес
544,Выбор есть. ЯБЛОКО,ЯбЛоко Выбор есть ЯБЛОКО объединённые демократы
545,УСАДЬБА СВИБЛО ОБЩЕОБРАЗОВАТЕЛЬНА ПРАВОСЛАВНАЯ ШКОЛА имени СЕРГЕЯ РАДОНЕЖСК,ПЕТАТЬ [ ~РЕ 'СЕРГИЯ РАДОНЕЖСК [УСАДЬБА СВИБЛОЕ ГОЕЩЕОЕРАЗОВАТЕЛЬНА; П?АВОСЛАВНАЯ ШКОПА
546,"ИЖЕВЧАНЕ, СПАСИБО ЗА ПОДДЕРЖКУ!", МЖЕВЧАНЕ СПЯЕ5Е 3А ПОДДЕРЖКУ
547,metro,&йшави Елшем талас ЕЕРЕХОДЕ Бэвыкутишв [еъ@
548,"ипотека.0,1",
549,"ОБЩЕСТВО С ОГРАНИЧЕННОЙ ОТВЕТСТВЕННОСТЬЮ РЕКЛАМНОЕ АГЕНТСТВО ""СВОЯ ЛИНИЯ""","ОБЩЕСТВО ОГРАНИЧЕНОЙ ОТВЕТСТВЕННОСТЬЮ РЕКЛАМНОЕ АГЕНТСТВО (СВОЯ ЛИНИЯ> 620010, город Екатеринбург, псреулок Хнбиногорский дом лнтер Б ИНН 6674313258 КПП 667401001 Екатсринбургский филнал ОАО Фанк Москвы"" р с 40702810100630004642 БИК {46577065, к с 301(181(40(06(965 Благодарственное письмо Реклямному агентстну ООО ЖАСТЕР? Сеть КЛНННК лазерной КОСАетологи ФИНЛАЙНЖ кыражаст бла1 одарность сотрудннчестно оказание услуг ВЫСШеГО качсства вннМаннс со стороны менеджеров КОМПЯННН; Особенно 'ачегын ВЫДСЛИЛК менелжера Дмнтрня Гокаль продечонстрнровал праессноналнзм, инднвндуальныЙ ПОЛХОД; оперативность: работая НЗШНЫН ЗЯКаЗаН; Директор О0О <Своя линняэ Бслозсрова Е,А; ЛИНИЯ который ВЫСОКИЙ Своя"
550,Кабельщик ты ДОСТАЛ! Открыл щит- посмотрел на свои кабеля -  закрывай блин щит!,Кабельщик ты достал: Открыл щит посмотрел на свои кабеля закрывай блин щит!
551,Аж МУРАВЬЕДЫ по коже...,"4* МВЕДЫ ПО {""ХЕ"
552,ВХОД В МАСКЕ,Спуна ВХОД МАСКЕ иъ~ь
553,"В продаже Акарачка, пелмени, тефтели, селётка","продаже Акарачка, пелмени, тефтели, селётка"
554,ОСТОРОЖНО КиСУЛЬКИ !,ОСТОРОЖНО Кисульки
555,РАЙ РАБОТАЕТ КРУГЛОСУТОЧНО ЗАКРЫТО,"РНЙ РЯБОПНЕТ ФРУОВИ1чкО ""НКРЫ-0"
556,"я злой и страшный серый цвет, всю яркость я сведу на нет!",ЯЗАОИИ СТ РАШНЫи СЕРЛИ ВСЮ ЯРКОСТЪ Я СЕДУШ впНета втОакиь Интер
557,Требуеца продавец с сознанием компютора.,Требуеца продавец с сознанием компютора
558,Евгений,Се1еншц
559,требуется помощница повора з п - 400грн. в день,ТРЕДУ# [ЛЩЫКЦН ПОЕФРА З/-4ОО<РИ: ВДЕВ
560,"Уважаемые жильцы! Предприятие МОЭК-8 ставит Вас в известность, что С 28.03.2016 по 31.03.2016",емыс жильцы! Предприятие МОЭК-8 ставит Вас [ЗВССТНОСТЬ ЧТО 28.03.2016 по 31.03.2016 Уважа
561,Просьба в магазине автобусы не ждать,Просьба магазине автобусы не ждать
562,ты меня на рассвете разбудишь,#маю$ Еэпг1} #ьф-? #ягеГШ УЮцЬ
563,"Уважаемые работники склада компании "" ""!","Уважаемые работники склада коМпанИИ В связи € участившимися спучаями получения тяжелых травм и увечий из-за падения & унмтазов просим Вас, ознакомится с краткой инструкцией ПО посещению туалета: При справленни как больших; так малых нужд: убедительная просЬба НЕ ВЗБИРАТЬСЯ НА УНИТАЗ € НОГАМИН Соблюдая даннов правило Вы обезопасите себя от болезненного падения других посетителей туалета от заражения болезнетворными бактериями микроорганизмами , переносимыми на подошве Ваших ботинок и туфель: НЕПРАВНЛЬНОН ПРАВИЛЬНО Вниманне! Лица не правильно пользующнеся унитазом; будут принудительно выполнять обработку санузла антибактернальными фредствами Администрация:"
564,LSD Мескалин Гр 8 967 52,Мк] 51 [[8Ы] [967 @
565,Картошка  вкусная без Масло - жарится без воды - варится Хорошо поговорить -  - сама почистится кг 40 руб.,КАРТОШКА [КЧ€ НА Я Ёе3 Дас.-#са Ратад Вояы-Ба Ратс & Корашо По2ОБОРчта се_о Потмститех ]2п 40 Т;
566,Счастье Семья,@уабиъ@ @миия
567,огурец с ущами,5 3 =я д| % ^ ОГ У₽ ЕЦ С УЩАММ
568,СПАСИБО,САФБО
569,"Laqonda, Dre, Perdorator, Adboynu 050 070","К-:А?Э Ца;опфа [ге] , Регф@€аог_Аяьоупц (050/070)"
570,ЗАЙ,
571,CHECK FOR CAT ARM BA CLOSING,~НЕЧК {о{ Сн иём Е+ €_ ]й
572,ПОКА У ТЕБЯ ЕСТЬ ПОПЫТКА ТЫ НЕ ПРОИГРАЛ,ШОКА УТЕБЯ ЕСТЬ ПОПЫТНА ТЫ НЕ ПРОИГРАЛ шпапнтп 91'00п
573,КАЖДУЮ СЕКУНД ТЕПЛЕЙ ОТ ТЕБЯ,'СЕКУНДУ ТЕПЛЕЙ ОТТЕБЯ КАЖДУЮ
574,трупы ложить в морг только с направлением участкового полицейского кроме больничных,"ГРУПЫ #ПЫВЕШ В ЛОсЕ:То/0 ЧАСТКОВОГО ЛМЩЕЙСКЭЮО КРОМЕ БОАЫНИЧНЫХ """
575,"БАХИЛЫ, УТРАТИВШИЕ СИЛУ",силу #Ахилы; ткАтИВшИЕ
576,СЫР ГОРНЫЙ ПАРАФИН,[ЫР ГЕРНМ [ЯРЧЮ {67 Ев ЯШ2;
577,ПРОДАЕТСЯ,[РОДЛЕПСЯ
578,Welcome,Ъе( _оме
579,ЦI ТВАЯ  МАШЫНА КАРОВА ?,Ц тВня МАШЬНА КАРО:4 7
580,Маленькие радости яйца,Маленькие рааостн
581,CO-WORKING NEXT EXIT,с0-.О8<-~@ ЕХ]Т ~ЕХТ
582,STAY AT HOME,А1 Я1^1 #ОМЕ
583,ОДЕЖДА ДЛЯ ЛЫСЫХ И БЕЗРАБОТНЫХ,ОДЕЖДН длЯЛысыкп БЕЗРНБОТНЫК
584,ТЁЛКИ 21.00-24.00,ШЕПИ '2П0-24.0
585,Моя жизнь это ДИВАН,~ Ао 2 соа
586,выход на улицу через 3 этаж,ВЫХОД НА УЛИЦУ ЧЕРЕЗ 3 ЭТАЖ
587,обожаю мусор,ЕпНета (@Щ₽ ЕОакмь ИНТер} ФОжАю
588,Я ударился ОБ УГОЛ ЗНАЧИТ МИР НЕ ТАК УЖ КРУГЛ,Я у}АШСЯ ФБ УГОЛ ЗНАчИт МИР #е '#Е Ж
589,Пятый и последний фильм трилогии из четырех частей,Пятый и паглЕдний фильм ТрИЛПГИИ ИЗ ЧЕТЫПЕХ ЧаГТЕЙ
590,ТУАЛЕТ НЕ ПРАЦЮЕ ВИГОДИПОРУЧ НА ДВОРI,ТУАЛЕТ НЕ ПРАЦЮС ₽ ИГОРИПО РуЧ Н# ₽ВР ₽]) ж€ 1€ 4 Г# АЛ;тК! 4 ТЕА  ЕЕНеТа =осиы итер}
591,TETRIS,ыали лаааъншы Есрашълъ ш-етс киич  [ЕК^`
592,ДЛЯ МОЛОДЕЖИ МОЖНО НА ПЕНСИИ,"1 ; ; МОлоёжч НАЛЕНёЧЧ 0-7 037-48-66 ""витач-ы;"
593,ОСТОРОЖНО! СТУПЕНЬКИ,ОСТОРОЖНО} СТУПЕНЫН
594,Кошка курильщика,"Кошка курильщика пъш >,ап [шыа Втиг> €  Кукаилант Егальсь'""шъщшрщотшшршщадАЛь1 [уаеа Фа?-татл-а гагдшПпгцаии;миедШиала {ачантчп ъ иеншстту ч3чы"
595,Это не бомба,бомбл
596,"всё хорошо, пока не знаешь правды",#ЕЗНАЕШЬ ПРАВДЫ ЪСЕ хоРошо ЛОКА
597,85,"Слс Сакат НЕННОСТЬ 10 | Рогмои ^ихн"" 85'"
598,МЕНЬШЕ ЗНАЕШЬ - БОЛЬШЕ ТУПОЙ,Тищ] ЗГ(Ь ~ЕМЬШЕ= Тяпо1
599,SONY MONY,[Шив @.@)
600,туалет,ТНЛЕ ТУАЛЕТ
601,2299,2299
602,ЗЕНИТ,'
603,Е МАШИНЫ,"""Ы"
604,BAR,:
605,HERBALIFE,НЕЖВАЦКЕ
606,САЛОН РА Этуаль,Элербую
607,Fie,
608,I Love NICE,[жуа Ыез
609,68-12-38,"68-12-38 &исва_ыашя аральст ""П Ш[АСтн Раллы"
610,АПТЕКА,АПЕЮ
611,PanCake,[Калм?
612,КАФЕ,"~м АШтии ^ ""Ячк"
613,Всё для дома,[се дшя цага
614,HOTEL ОТЕЛЬ,[НОТЕС
615,Венское Кафе,'+@ Дат?
616,TRUMP,7К 
617,асна плюс,асна плюс
618,КЕРАМИЧЕСКАЯ ПЛИТКА КЕР МОГР НИТ,КЕРАМИЧЕЕКАЯ ПЛИМЖИныви [:<_АМАРЪ_Я
619,ТЕХМАШИМПЕКС,ТЕХМАШИМПЕКС
620,5 Пятёрочка,НЕМ
621,ТАВРИДА ЭЛЕКТРИК,[! ЭСЕКТРИК ТАВРИАА
622,ROOMER,"""мев"
623,PANDORA,2Пмд Р^^ЬОКА
624,КАФЕ,КАФЕН ав
625,ВЕРНА страховое общество,ВЕРНА страховое общество
626,ЧЕБУРЕЧНАЯ,ЧШош1эн
627,INGENUITY NERVE COVICTION,"ВЕ1 [(ЮШ?? + |Е?Э) @@ЮСТМ] з6 ""ни '"
628,КУХНИ,КУХНИ Пар
629,Meclo,Фаб
630,"302 БИС МУЗЕЙ ""БУЛГАКОВЫСКИЙ ДОМ""",39? ЪУЛгдков > ь
631,PERFETTO,РЕП=Епо
632,A K,#&к
633,лс,ш Дс
634,ecomarket,
635,ВУНДЕРКИНД С ПЕЛЁНОК,ВУНДЕРКИНД ПЕЛЁНОКО 'Па;йм [пЕПАчемощан
636,by,"[И ШЦПШ ~ЪШе! ггга А""аъеъл [лоци ЕЕШ"
637,GIANT,@Ыыт
638,ВЛАДИВО,Энавшл
639,админист города,
640,СОВЕТСКОМУ НАРОДУ СЛ ВА!,БОЕТ € К 0 М У Н 4 ₽ 0 Д У С К В7П
641,Консолидированная модель,"СЕРВИС Р1^~+-:-М - 000 'АСКОН-Комплекс' 'Е.У ПОДКЛЮЧЕНО Консолидирсванная В/М-мсдель ЖК с магазином Рифей Диспетчер серверных задач Р1^~--В^М медель Настройки отсбражения Масштабирсвать по всем сбъектам [П] Масштабирсвать по выбранным объектам Добавить замечание Фильтр + : Базсвая стена:;0,, Фильтр Базсвая стена;0  Базсвая стена;0,, Бумажные люди 04,03,2020 12 Седсв Вячеслав Ивансвич Базсвая стена;0, Базсвая стена;0,, Верх Базсвая стена:0  (4,03,2020 12 Седов Вячеслав Ивансвич Базсвая стена;0, Всё Базсвая стена:0  {4,032020 12 Седсв Вячеслав Ивансвич Базсвая стена:0  Задняя дверь магазина Базсвая стена;0  04.03.2020 12 Седсв Вячеслав Ивансвич Базсвая стена;0, Базавая стена Базсвая стена;0, Базсвая стена:0  Базсвая стена;0,, Базсвая стена:0 Базсвая стена:0  Базсвая стена;0  Базсвая стена:;0, Свсйство Значение Лрооукиы { 6ч1ф {аЬ-Ь|-аа0б-4781-а8с9 [аге Базсвая стена:ОС-01 Окра' Туре [-""а[':п-а -(а5= 9~Ба-ф 'Ап9ИРЪ О79М{ВХъ 329570 паге Базсвая стена:ОС-01 Окра ~Ь)есТуре Базсвая стена:ОС-01 [геф@  п=-Туре '-П.Д@) +а9 8837273 ъре 5+ап-аг1 ""а^[ Ссздал а) Вячеслав Ивансвич [4.032( Всв Консолидированная модель Скрытые сбъекты Распслсжение камеры Открыъ 3п9}' Окра Седов"
642,z,
643,С НОВЫМ ГОДОМ!,[ Ш@@ЫШШЩШПШ '5 $838485 $483840
644,ФИЛАРМОНИЯ,ФФИЛАРМОНИЯ
645,Объемные буквы,буквы Объемные
646,ПЕНЗЕНСКАЯ ОБЛАСТНАЯ ФИЛАРМОНИЯ,П Е Н 3 Е # С К А Я Ф И ^ А ₽ М 0 Н и Я 0 Б Л А С Т Н А Я
647, RALF RINGER,0155 {ЖЕНСКАЯ 77878553 [0 #.!; [1Л$[.
648,FIGHT FABRIKA,[лал:шшша
649,concept boutique,сопсер+ #аеПаша *ф1: | А.₽ Ьоч+'чче
650,DIGITAL,
651,R,0
652,Мария KAFESI,кАг:э Ми |
653,ВЫВЕСКИ ДЛЯ ВСЕЙ РОССИИ, ВЫВЕСКИДЛЯМШ((
654,ОТЫ,'1
655,95093 35,"нтатын Крга1 а5 95 [715.15 1Н} 5€м95093 п""535 ст Дмск тшне Слшя ик# Нешшо шПадаес 54117 А1мЕФНГ #1ПЧ1 20 2 71;] 4П 4 7Е 1г' ""4т4:155"
656,"- и тогда он взял топор и срубил деревце, труп притащил домой и украсил....представляете какой извращенец?!",и тогда он взял топор и срубил деревце; труп притащил домой и украсил: представляете какой извращенец?!
657,Earth Day,Еагъь [0)@)
658,"Леша, напиши здесь про наши аккаунты в вк и инстаграм. Мол, там шутки, полезности, Трали-вали и все акое.","""  67545)1 ^ [81а, НаПИШИ ЗДСЬ ПРО НаШИ ЖККаЧНТЫ В ВК ИНСТаГРАМ. М0Л  ТЭМ ШУТКИ; ПОЛА:ЗНОСТИ; ТРЗ/ -ВаЛИ И ВСе аКО2. 3"
659,ХУДОЖЕСТВЕННОЕ ОБРАЗОВАНИЕ И НАУКА,ХУДОЖЕСТВЕННОЕ ОБРАЗОВАНИЕ ИНАУКА 2018/4 [17]
660,NYPD,Ш22
661,СВЕТ В ТАЙНИКЕ ШЭРОН КЭМЕРОН,СВЕТ ВТАЙНИКЕ ШЭРОН КЭМЕРОН
662,vk,Ф а 4
663,Еремеева Лидия Васильевна,Еремсева Лидия Васильевна
664,17693254,4693744
665,Баранов Михаил Александрович,Баранов Михаил Алсксандровнч
666,БИНЕТ СЕНН,БИНЕТ [ЕНН
667,RJCH BOY,@ЖН @О Аегся 8 '% Р;п
668,Альберт Лиханов Деревянные кони,Лиьаеов ЮоНи
669,WORKME S TI BO K,
670,"сейчас ты воздух, я тебя вдыхаю",9 К~Т $ъцфЗо 49 3 $ а 8
671,"если вы это читаете, значит вы меня трахаете",ени 667  #зо Ччючеше 74а4их 3Зы   меня #р-х^еюе
672,В конце пути придется рассчитаться,Концс 1ушц [ассчиашьс$ [ППДПШП +а+@-к@ .о+9 ири;спся
673,ue Femme veut - diem le veut,9 @ 7с& 86& 2 /тте и4 €
674,Улыбка дочери дороже каждого из вас,Сийё& Эбче91 Эброже *сэбЭбу 13 {6
675,Я буду любить своих родителей,9.8077 н &се обеес {%иъе #е8
676,In deo speramus,1 3 $
677,Пока мы убиваем время время убивает нас,"Ввд 'УЕИВАЕтНМ ""ЛПКА  Ми {ЕЛЗАЕНЕ шппир )"
678, верь в себя,& 2~ &
679,Familia,'< 4 7( # 
680,время быть сильным,08088384 ЛШЧ [ё}Ш]
681,Во им Отца Сына и Святого Духа Аминь,"#ыя Отц Сына н Святбгр Д,Ха Ижннь"
682,Малая,)
683,РУССКИЙ,РЫУЯЩ
684,ПАСИ И СОХРА,ЖЯСИ (<?Я]
685,"Часы рядом с тобой, как каникулы в детстве","как Чась ₽ядох 6001017 стобой , Жанчгулы "
686,"Пусть пойду я долиной смертной тени, да не убоюсь зла ибо Ты со мной",[{6 [ЦУ 1 ДЛ {#Т- ]Ч; #[; ! % [ Т. & Я
687,Faith Hope Love,"+ ~оре Д,л€ Э4ч{6"
688,только победа,194669 П9БФаа
689,люблю,#ЮБШ
690,БЛЯХА,СЛЯХА
691,COVID-19 CORONAVIRUS,"СОУ-.-19 сопамд""П ,5 аеля; псечнтраяеннячз-ЕеШРяН:ЧР #Езай тараЛЕВХЕяЕнай кнБеЦяк твичй пдененко ПЕЛЕЕтпилг лЕн тряга ПызчТНТРЛл УЕМГнннын псечцзаитыльнэ ы1<ъьшмся #ЕЧШ АДЧЫМИЕТГНЦЫЕ"
692,ПРОКУРАТУРА,ПРОКУРАТУРА
693,ШТОРМОВОЕ ПРЕДУПРЕЖДЕНИЕ,ШТОРМОВОв ПРЕДУПРЕЖЛЕНИЕ
694,ДЛЯ ПРЕДУПРЕЖДЕНИЯ ПОЖАРА И ГИБЕЛИ ЛЮДЕЙ НЕОБХОДИМО СОБЛЮДЕНИЕ ПРАВИЛ ПОЖАРНОЙ БЕЗОПАСНОСТИ В БЫТУ,ПЛЯ ПРЕПУПРЕУЛЕНИЯ ПП#ЫР н гиЕЕпИ псгтй ПЕЕЕТПДИМЧ СРЕЛЬДЕНИЕ ПРЯЕИЛ ПОЖА РНОЙ БЕЕОПАСНОСТИ Д БЫТ:
695,"Не курите на лестнице, курите во дворе","Не курите на лестнице курите во дворе ""15 ;мыы Рашт мимлпцоыштала<ч '-1ь-га(_] -з шаапа Дга 5лвес шшнчшнъкнмчпышш Затнчмъ [7] цЕгигт татн; 2= ==л== Екыео Кщ т2 е5 8"
696,Правила группы,Правила группы
697,Choose an interstitial SSL,"С<оозе ап Ёп-@ з--+а! ~аПъаБЕЛП Чепг ~~ГП::а чкапна Ёгп {пепатТ#п-Енегппанч тшапшл гглНыц папа_паптлыгу ~э !гвагчан шегивнвшЛЧ "" 4аент #г,ар ~атш`сяга ЛГПЕЕАГЕвшГ чЧ,ь1 ЧГМ 5ы<аг ЧшИ ;гшшшппг_апшпгштгпп;я-папПа-Пштпешш 5аевгош5 Ч Шпн ЧЫШЕ"
698,ФАС вынесла предупреждение ЦИАНу за копирование объявлений Avito,"ФАС вынесла предупреждение ЦИАНу за копирование объявлений Аио А,  ."
699,12+ 16+ 6+ 18+,
700,Профилактика коронавируса,Профилактика коронавируса паша=льп Ытялим 7тяъ  'г *иг| 14 мета ниги Улатэрглавы 1П 115 Пги- гыт ;
701,КРЕДИТ,"[""Ц 'ЮеЛ ШМ [Шш КРЕЛШ ЮРЕДИТ [ПКЕ ПГАЛЛЕ [ШЧЕПМ ЕЛПЕЕ 1ЕаЧаПЕ [4""7' ГаЕшПЛЦ лыдпдныч Г= СРИЛЕН Е 9944571951 фашса ""шна #сы тазвада :НДол| [чымы ио1 Еа Ндол Шик Кя' ""ЕДИ | [ОХРАННИКАЮ ' [ашылп {рЕРЛ] ;юр; яанайя 'аеп 1 [М [926 5а3  40 05 ШлгЛ1-87- Пэ &п  п"
702,ВМЕСТЕ ПРОТИВ ТЕРРОРА ,"В качестве мер предупредительного при заключении договоров на сдачу ВМЕСТЕ характера рекомендуется: СКЛадскИХ помещений В аренду обязательном ужесточение пропускного режима при порядке вклЮЧать пункты, дающие право ПРОТИВ входе и въезде на территорию объекта, установку администрации предприятия при необходимости ТЕРРОРА систем сигнализации; аудио- и видеозаписи; осуществлять проверку сдаваемых помещений по своему усмотрению_ НТЫНТОР Ап 'ЕгРО} ""ыт{ Терроризм ЭТО идеология насилия И практика воздействия на принятие решения органами государственной власти, органами местного самоуправления ИЛИ международными организациями, связанные устрашением населения (или) ИНЫМИ формами противоправных насильственных действий; Экстремизм ЭТО теория И практика ежедневные обходы территории достижения социально-политическИх  предприятия И осмотр мест сосредоточения религиозных , национальных целей посредством опасных веществ на предмет своевременного запрещённых способов. ПОДГОТОВКИ И переподготовки   работников выявления взрывных устройств ИЛИ Выявление и предупреждение преступлений подозрительных предметов; (сотрудников) объекта (территории) ПО вопросам экстремистской И террористической работы со служебной информацией ограниченного периодическую комиссиоННуЮ проверку направленности приобретает актуальность из года складских помещений; распространения; В ГОД: более тщательный подбор и проверку разработки порядка эвакуации работников Значимую роль здесь играет развитие (сотрудников) объекта (территории), а также сетевых технологий И бесконтрольное кадров посетителей В случае получения информации об распространение информации. угрозе совершения террористического акта либо 0 Учитывая ВОЗМОЖНОСТЬ совершения его совершении; террористических актов на территории проведения учений, тренировок ПО предприятий, учреждений и организаций; перед их безопасной И своевременной эвакуации руководителями встают задачи как ПО работников   (сотрудников) И посетителей объекта обеспечению их безопасности, так и по выработке (территории) ИЗ зданий (сооружений) при угрозе И выполнению мероприятий в случае поступления применения ИЛИ при обнаружении ТОКСИЧНЫХ сообщений; содержащих угрозы химикатов, отравляющих веществ И патогенных биологических агентов-_ террористического характера: организацию И проведения совместно Политрсисжой сотрудниками правоохранительных органов полицил Балпн1 инструктажей И практических занятий ПО действиям при чрезвычайных происшествиях;"
703,ОСТОРОЖНО: МОШЕННИКИ!,ЮСТОРОЖНО: МОШЕННИКИ! НЕДННИЕ ГЕБЛ ЧЕПАННТЫ #ГЪПЫЛЕНУЕПЯЕ=ЛЦЫ [ Е= ПНЕЧППН П ППЕШМ
704,"Посмотри в зеркало, сохрани жизнь мотоциклисту",Посмотри в зеркало; СОХОаНИ ЖИЗНЬ МОТОЦИКЛИСТУ 2ы
705,Улыбнись! Я так старалась,яУлыонилъ @тнилив}
706,ЕЩЕ РАЗ ПОСИГНАЛИШЬ ВООБЩЕ НИКУДА НЕ ПОЕДУ!!!,ясапц мз тавти
707,"НЕ ПРИЖИМАЙСЯ, НЕ В ПОСТЕЛИ!","#Е ПРИЖИМАЙСЯ, НЕ ₽ ПОСТЕАИ?"
708,ОФИЦИАЛЬНЫЙ СПОНСОР ГИБДД,оФициАльный СПОНСОР ГИБДД
709,мне в красной очень классно!,тай
710,время с Богом,а иъае Е ттъи
711,"Ищу мужа! говорю мало, готовлю вкусно, голова никогда не болит!",мужа! тборю ма4о юмовяю то4оба нцког)а не _о{цп! Ишу- Вкусно: ав:
712,"Страной правят 3,14дарасы! Если ты согласен, посигналь",етвенез звават зладАгАсы: Если тъ согласон =. 191 лав
713,МНЕ КАЖЕТСЯ ИЛИ ПОРА ПРОТЕРЕТЬ СТЕКЛО,МНЕ КАЖЕТСЯ и^и ПОРА ПРОТЕРЕП СтЕКАО
714,"мунира просила золотое кольцо, купил диск, пусть слушает!","МУНИРА ПРОСИЛА ЗОЛотоЕ Кольцо, КУпИЛ ДИСК; ПУСТЬ СЛУШАЕТ!"
715,С323АН777,виээ)ээ4-991$ пАмятники МЕМОРИАЛЬЫЕ комплЕКсЫ # <АМЕкч @гтАИА СЗ2ЗАН77 ₽ч$ УатоСггиЦечтр 11Ч1 ГДЕНАКЛЕЙКИ ПРОИЗВОДСТВО НАКЛЕЕК НА ЗАКАЗ ЕКСзА
716,"Да, не бэтман а сантехник но тоже спешу спасать мир.",Да не бЭтМан а (аНТеЖНИЮ НОТОЖе СПеШ} (ПаСаТЬ ШИр; шниггыаа |5 Р 0 ₽ЪЗД пен 
717,ГОА,#робо(  #Ету #и ХУА ЛИЦъ 49 'соиЕчном ГОА 6ОБ 5-а_ арал Г Сертолово
718,Изображения доступны только партнерам,Изображения ДОСТУПНЫ только партнерам ЕБеио
719,WE ARE IN THE Forest,._ 4КЕ Ш ТНЕ Сше
720,к672ка 102,"Дзэт шшз вМш;^ц. нъ д ~вашг ва атнаснтавь оатальнымчилсиинан так метнан Вы отноцио Ю свосто спонсара?"" К672К4 102"
721,ВАС ТОЛЬКО ЧТО ОБОГНАЛ ТОСТЕР,ВАС7ОНЬ 0 ЧПООБСПНМТССЕЭ
722,НЕ РАЗВАЛИТСЯ,#ПЕЕ_РЙЗВЛЛЮТВ
723,DDT,Ф
724,LIKE,ЦКЕс
725,KGB,"ЕЩЕ РАЗ СУКК; ПОКЕЗЕЦ$ МОЮ НАШИНЗ - ТЕБЯ , ПАД   пОМНАЮ аРчылю НАх9Й ПАьцы ₽; ЧЕРЕ: ощин кав"
726,с911ус 777,
727,Я ПРОПУСКАЮ ТОЛЬКО 01 02 03,ЯТРОПУСКАЮ ТО^ЬКО 01 02 03
728,КАК ВЫ ЗАДОЛБАЛИ ДАЧНИКИ !!!,КАК ВЫ ЗАДОАБААИ ДАчники 1
729,Держи дестанцею КРОСАВЧЕГ!,"Эсрэи Эсспанцею 9""0@996ч59:"
730,Ищу нового хозяина! тел 8 925 393 38 64,Нобого хозяцна тел 8 925 393 38 64 Ищу !
731,ОФИЦИАЛЬНЫЙ СПОНСОР ГИБДД,ОФИЦИААЬНЫИ спонсОр ГИБАА
732,Рябко,
733,АНТОНОВА,П
734,Фамилия  Имя  Отчество,"ФАчшлия ЮтчЕства ""амми 'деп  ъ& дАшщ"
735,улица Льва Толстого 15,Олшца 15 ТолсТого {вва
736,ЗАВОД ПАЛИТРА,"Ширина а ЗАВОД <ПАЛИТРА"""
737,ХЕЙЛИК КОНСТАНТИН,
738,ГУЗАНОВА Рукия Хамзиновна,"ГУЗАНОВА Рукия Хамзиновна туташ 25.12.1943 вафат булган {4,092021"
739,СОЛОВЬЕВ,ВСЕВОЛОДНИКОЛАЕВИ СОЛОВЬЕВ 19-4 = ~013 'ЕН -КОРРЕСПОНДЕНТ тенапгыаннчвстгап ЧЕЕРЕТЛЕЕПАНЕАОНТРЕОТШН шяшогэнги#Енан пнны:кст; 'ШТЕКтЕУТЕЕгтлЕНаи ышны 1нЕРАшныРЫПЕэшлннннмнй КЕНЕТУНОРЕТИтИЕЕЕНИЕОН ЕАЛТЕ нжк:шевктиплЕсатинкеп ВЫПУСКННК МАДИ 115:ГОЙА #Птнля Еодпснан УмагЕв ТРАНСПОРТНЫЕ УСТАНОВКИ' ТНЕДПКПвЕпаиЕяеа]пг7
740,АКТОВЫЙ ЗАЛ,АКТОВЫЙ ЗАЛ
741,ВОЕННЫМ КОРРЕСПОНДЕНТАМ 1941 - 1945,ВОЕНЫМ [КОРРЕСНОНДЕНТАМ 1941 1945
742,Разумный выбор эпохи историзма. Невский район,"Вофонапорная башня Апе#саЮУробскоо ЧШУНопШеШНоюо   заВора; Воропапорняя (Пршс-репьная) башня Фбикобскоюо зяВо9а; 1891-1893 гг: Архитекторы Г: В. Войневич, инженер Ф. С: Ясинский: 1898-1899 гг Архитектор Ф: Ф. Лумберг: Октябрьская набережная 104А Проспект Обуховской обороны; 1254. Фото Евгении Лурье Фото ресурса ""1""ш:р-а |г% 2ячя А Ш, Чорноба 6 !~!ьБе  <(осноВкаж; 1889-1893 гг. Архитектор А И. фон Гоген: Октябрьская набережная; 72. Фото Романа Фомина: 15 ФРаЗУМНЫЙ ВЫбор> ЭПОХН НСПООНЗМа: НеВСКНЙ раЙОН ФрЮОшно-форочная Пушечнош  шастерской ФбиюоВсюоо   ~апешено€о зВо9а; ?пско-КаопШчесния щеркобь Во Шия 1884-1885 гг: Инженер М М. Бородатов: Проспект Обуховской обороны; 120Г 1907-1919 гг. Архитектор С: П. Галензовский Улица Бабушкина, 57 Фото Евгении Лурье Фото Евгении Лурье: (ер9шя [ш !са;"
743,ST PETERSBURG,1 _н@в
744,CHITA RU ЧИТА ОНЛАЙН,@нРЧ ЧИТА ОНЛАЙН
745,КАМЕNЯР Художественная мастерская,КАПёМЯР Художественная мастерская
746,Z,
747,скидки,ШЛысгра скидш
748,FREE YOUR MIND,ЫЫЫЕП ТЕЧПЕА ЧИк #@ЕЕ 'ОЪ@ МБ
749,Административный раздел,"Рабочкй стол Септпо Септпо Неа Настройки Административный раздел Настройки сайта ""Корпоративный сайт"" ($1} Базовые настройки ГЛАВНАЯ Общие Тип анимации большого банера Скольжение горизонтально (зфе Шапка Скорость слайдшо} большого банера (нс) 5000 Оутер Скорость анимации большого банера (нс) 600 Мобильная версия Скрывать на узких экранах Настройки разделов Скорость слайдшоу блока ""Наши партнеры"" (ис} 5000 Главная Скорость анимации блока ""Наши партнеры"" (""с) 600 Настройки ?оцъ€бе {кеп для инстраграма 11916503977.6с97563 еаЬы: Каталог Заголовок блока Инстагран Мы [пз-:: ап Тип главной страницы Раздель Параметры Личный кабинет Большие баннеры на главной Рекламная лента' на главной Дополнительно ""Услуги"" на главной Меню Дополнительный Баннер' на главной Баннеры 'Каталог"" на главной Реклама каталоге' на главной Разделы каталога' на главной Сервисы интеграции Услуги"
750,2015 Honda FIT,Ноп%а ЯПТ ношан я51.7 #ш}@@ @г шташии Т<е Я]-{еш 2015
751,"ДОБРО ПОЖАЛОВАТЬ! WWW.FOREST-RESTAURANT.RU РИГАМОЛЛ, 1 этаж 7 495 120 27 97",[МШЛ А5РО {ЖАЮВНТЫ [-@ЕЗТ-@ЕЗТ^(@^&Т@Ш РИГАМОЛЛ; этаж +7 495 120 27 97
752,BIG SALE,Р@НЧЕР ТЕКРЦТ 5-Е`-Ц {--:} ВС $ЦЕ
753,Конференция для партнёров Dell,Конфеденцин для паршнерав [=]
754,COMING SOON!,"@(@@ ""61@@ СОМ-`@ $@@_!"
755,для соцсетей РКЛАМНЫЙ баннер заказать,ДЛЯ СОЦСЕТЕЙ РЕКЛАМНЫЙ [БАННЕР ЗАКАЗАТЬ
756,НАЗВАНИЕ ПРИГЛАШАЕМ! -25,НАЗВАНИЕ ПРИГЛАШАЕМ! 2596 Ёххк)ххк-хх-кх
757,ДЕЛО,~& ДЕло
758,Banners,вапегз
759,24,Еш@ :епс:$ ыыпль аусзач9 24 А1=-ПЧЧ-=а #о1я;
760,АКЦИИ И СКИДКИ!!!,АКЦИИ И СКИДКИШ
761,IT'S MILLER TIME.,[$мЦЕ? ТЫЫЕ: ТМЕ =0? СРЕАШ ПМЕЕОР ₽АПП ПНЕГОР 58 @РНДЗЯ] ПРЕДУПРЕЖДАЕМ ВРЕДЕЧРЕЗМЕРНООУПОРЪЛШИЯИВА Э&
762,Этапы работы,Этапы работы
763,DoBEERman,а54515 Ам+о ШЕШШ Шапаш
764,ПОЧТА РОССИИ,ПОЧТВ РОС(ИИ
765,Новая жизнь,Новая #гнанач жизньн и
766,ЗНАМЯ,"26-60-70 знАмя ЧНпПа Рагеин ЛКТЛЕУН ПЕВЛНЕВЕЛЕНЯ ПОДПИШИСЬ щнишл0а НА #ЗНАМЯ""!"
767,Районные ВЕСТИ,ВЕСТЙ 0гИ М г Районные иеилоснапетшит
768,Подписные издания Официальный каталог Почты России,подпиеные издания Ефъуцчальный тал  ачты Рассни
769,ЧУВАШИЯ,ЧУВАшия семсй детьнн
770,ПОЧТА РОССИИ,'РОССИИ ПОЧТР
771,ПОЧТА  РОССИИ,ПОЧТВ рОССИИ
772,ПОЧТА РОССИИ,ПОЧТВ РОСФИИ ДЕНЕЖНЫЕ ПЕРЕВОДЫ Кофак форсаж
773,Способы доставки от Почты России,Спасобы доставки от Почты России
774,ЗАВОЛЖЬЕ,ЗАВОЛЖЬЕ НЕЯПЛЯЕНПЕШ .ЕЦМ ПЕШШЙШШи
775,ПОЧТА РОССИИ,ПОЧтВ рОССИИ
776,ПОЧТ РОССИ,#итам
777,Дерево Добра,Верево Ообра
778,ПОЧТА БАНК,"[ЧЙ БМНЮ 69 ""Еш} 'ДЕНЕ маИ ШП П1 ЕГЕГД ТД Еп} #ЕнТНтЫ ГАЧГЕРЕМЕННТ л"
779,ШЫН,
780,ПОЧТА РОСИИ,ПОЧТП РО((ИИ
781,А,тма-п
782,ТОРОПИСЬ ПОДПИСАТЬСЯ ПО СНИЖЕННЫМ ЦЕНАМ,ТОРЫШИСЬ ПОДПИСАТЬСЯ п0 #НИЖеНЫМ ценаМ
783,Объявление в Наша БЕСПЛАТНО!,Объявление Ш# БЕСПЛАТНО!
784,Газеты и журналы по подписке,Газеты и журналы по подписке
785,100 лет,100 лет
786,комсомольская правда,(гея комсомопьскяя ПРнВДН
787,ПИСЬМО В РЕДАКЦИЮ,ЛИВЬМП РЕДРИЦИЮ
788,Среднеуральская ВОЛНА,Среднеура^ьская ~НАН
789,культурный центр Губернский,УдыУРНЫЙ ЦЕШР ЦЕВЕРСКШШЕ
790,АО ПОЧТА БАНК,"[ч АО кПОЧТА БАНК "" ДОБРО ПОЖАЛОВАТЫ 247 | Цаи Шыэл"
791,врач очки,#9жк2 ВРАЧ очки
792,студия EGOкрасоты,студИЯ [@ОкРАсОТЫ
793,ПОДВАЛЪ БРОДЯЧЕЙ СОБАКИ,ПОДвАХЪ БРОДяЕЙ СОБАки
794,Городская пекарня ,{мрйдд; щоаад
795,тлен,ТПЕН
796,студия красоты Caprice,СтУДиЯ КРАсОТЫ €аршц
797,КАЛОВСКИ БИЗНЕС-ЦЕНТР,[ивевекм
798,DIJON FAMILY RESTAURANT,[7н зЯши 1
799,УНИВЕРСАМ Лукошко,УНИВЕРСАМ (укошко
800,рекламная мастерская,"РЕКШ"" [АСНИм"
801,DE FLEUR,)] ШУ!
802,ОДЕЖДА,8 8
803,НОВАЯ МО,[о1
804,ГиРЛЯНДА СВЕЖИЕ ФЕРМЕРСКИЕ ПРОДУКТЫ,СЕжи ФмаСи: ПЦИ: [ИЛЯМ
805,ПРОДУКТЫ,ПРОДУКПЫ
806,ЦЕНТР ЭСТЕТИКИ АРИСТОКРАТКА,~И5[8А 'Сенрасемки
807,ЛЕДА,щн ШЕдА Поешлсвни
808,ТАН ЖЕН КИТАЙСКАЯ КУХНЯ,ЖыНыяе? ~КУЖЯЯ ДПАНЕ ЛФЛЛАФОКАЯ
809,OBI,Фв
810,Китайский буфет Чифальня,"н=' Китаскийоз Н'ж  ЖифаЖня ""  с ' итиае,  ие€4 "" "" ои Аямия '   Аинл "
811,Автозапчасти,Автозапчасти
812,At Home,А+ Ноше
813,Перекрестись ,оПер=крестись
814,рив гош,"Ю: Пгян"" ХОШ"
815,Mozhajskaya street улица Можайская 39,УАнда Можайская 39 Мот6а_:кауа $-#ц[
816,Колумб,'тылъш Колума
817,ст,Ст
818,Яркая Реклама,Яркая РеКлёМ:
819,гейзер,
820,Многобелья,@бъ&
821,продукты,ПРОДИ
822,АВТОМОЙКА,[Ед
823,Промсвязьбанк,[Промсвязьбанк
824,Мираж,~при%
825,ДВЕРИ МИРА,ДВЕРИ МИР^
826,Мир шитья ТКАНИ НОТАРИУС 10м, Мч₽  _ья  ТКАНИ| НОТАРИУС лои
827,миц,МИЩ
828,All you need is flowers,А/| 5$ уоч <@@ф {-ош@<$
829,CHANEL,6348288 @НА.@_ )гсо
830,IANIS CHAMALIDY,[А)-$   (НАМАЦБ'
831,классный уголок,[сскы {о^о%
832,60,ИПНЕ 60
833,фрукты продукты,Ш ФРУКТЫ ПРОДУКТЫ
834,МаксидоМ,пямшом
835,Брандмауэр,ОбЪишыг б :нер Брандмауа
836,TECE close to you,"ТЕСЕЕ созе +0 уоц ""БЫЛ"
837,Вандализм - разруши- тельное поведение человека,[ч%ч лъ но[ ~~_ [Зол9с ыъд - <ъ~- ф че
838,БЕЛГОРОД,"4090,"
839,ЭТО ТЕЛЕПРОЕКТ ДОМ-2,ЭПОТШ]РОЕКЕДОМ-2 ИНОДШЯВОЛОДЯШЛИН ВЫЕЗЖИЕИЗВШ-ДШШИЮИ
840,Василий Шукшин. Кадр из фильма Печки-лавочки,"Василий Шукшин: Кадр из фильма ""Печки-лавочки"""
841,Иван Васильевич МЕНЯЕТ ПРОФЕССИЮ,ИВЧН ЧСНХёВеси ПРОФеСсИЮ Меняа 
842,Я,А_нечка @ЕС_]ЕБ₽
843,"Алексей исполнял обязанности горничной, мыл полы, колол дрова, топил печи, чистил овощи, ходил на базар и в лавочку.",шлеЕнииспалюал €тязннссу лаЕничнон папкпыг Еш АнЕи СЦЕшИн 7п/ #атЫР Лмьшни1 [ ргал
844,"весна,блин!",Бестсиин
845,Я ТЕБЯ МУР МУР,Я ТЕВЛ МУР МУр
846,В,1
847,ДА ЗДРАВСТВУЕТ наше начальство! САМОЕ ГУМАННОЕ НАЧАЛЬСТВО В МИРЕ!,Дд ЗДРДЕСТЕЧЕТ ННИшегтцытпр САНОЕ ГУМАННОЕ НИЫН
848,НЕ ПОМНЮ - ЗНАЧИТ НЕ БЫЛО!,НЕ ПОМНЮ  ЭНАЧИТНЕБЫОЮ
849,секс,СЕКС Шуги
850,НИ ДЕТЕЙ НИ ЗАБОТ,НИЗАЕОЙ пошара: иа -ка
851,ОТДАЮСЬ РАБОТЕ НА 100,10  ПОНЕЛНЬНИК ОМДАЮСЬ 25* ВТОРНИК РБОЕ 403 СРЕДА ш чивент НА 100%1 ПЯШНИША
852,отличный парень,ОтАИчНЫй ПАРЕНЬ
853,Девичник!,ДеВИЧННК!
854,Че вылупился будто у меня яйца на бороде!?,вылупитг Булта КЕИ ш}Ца Барадсе?
855,Для меня авторитет мой любимый дед,Дмя менЯ автаРЦтет МоЙ АЮбЫМЫЙ ДеД
856,обожжжжжаю,[БРЖАЖЖЖАЮ
857,ПАЦАН СКАЗА ПАЦА СДЕЛ,ЖШЮ Щ
858,девичник,"ДЕВИЧНИЮ "" """
859,сексом дружбу не испортишь,(ЬКСОМ ДРУХБУ ШЕМСЛОРТИШЬ
860,REAL,(2
861,без баб,БЕЗ БАБ
862,ТОЛЬКО-ЧТО УДАЧНО ЖЕНИЛСЯ,ТОМЬЮО:ЧО УМО ЖЕНИК(Я
863,без паники! сейчас всё будет,ролс БЕЗ СЕНЧАС ПАНИ&ЧЕ БУЦЕТ
864,богиня,БОГИНЯ
865,ЦАРЬ,ЦАРК ШРАЕЛГЭШИИГ
866,вот так выглядит идеальный мужчина,В0- -АК ВЫГЛЯДИТ ИЛЕАЛЬНЫЙ МУЖЧИНА
867,ЗАЧЕМ РУГАЕССЯ НАСЯЛЬНИКА?,ЗАЧЕМ РУГАЕССЯ НАСЯЛЬНИКА?
868,HELLO,
869,"Nah. - Rosa Parks, 1955",_а^: @о5и Ра*:; 1955
870,GIRL,@
871,я так думав,{ЦШМВ ~игЁ(4;
872,мама,
873,ЦИРКЪ,!Ряъ # #ыыхь
874,BERRY,ВЁКК
875,ШОПИНГ НАЛЕГКЕ,ШОПИНГ НАЛЕПКЕ 
876,allcafe рестораны и гостиницы,@Шса€е рестораны и гостиницы
877,овощи - фрукты,овощи ФРукТЫ
878,индюжина,ИНДЮЖИН
879,Пекарня,"""Шекарня Твекав Вкусвы аен] Еънтечкн [Всв |"
880,М,(ч@ Ъл7 
881,сбарро,[4? (ми
882,HUAWEI,НЫАШЕ|
883,МЕБЕЛЬ,МЕБЕлЫ
884,ИТАЛЬЯНСКИЙ OSTERIO MARIO РЕСТОРАН,мА^Ьянски4 0'[@-О М4Р.О РЕСТОРАН
885,FINIKO,['&КО
886,Лиговский проспект ,ШраГЫн ПЕаЕГСТ
887,ЕЖДУНАРОДНАЯ,зк}О} 'Е ЖДУНАРОЛАЕ
888,KURAGA.AGENCY КРЕАТИВНОЕ АГЕНТСТВО,КЫ@^;4 ^ЗЕ)С? КРЕАТИВНОЕ АГЕНТСТВО
889,BeverlyHills DINER,..Е₽ @@З
890,библиотека AB IMPERIO журнала,[ШИЕКЮ 0 $У (бХолиото 3 *урн? 
891,НАЧНИ СВОЙ БИЗНЕС,=5 НАЧНИ СВОЙ БИЗНЕС
892,НАЧНИ СВОЙ БИЗНЕС,[со2 НАЧНИ СВОЙ БИЗНЕС ~Раязааонн
893,ВИНО,
894,GRAO DE CAFE,[М; (@@^' (й
895,калина молл,исот ВИ] ~ПП [2 {ана}) {/Ж а6е [.(; ПУШКИНО ПАРК [@Д
896,а -Кофе,заннтофе
897,не,ПШ#Е !Е {! ГШШШ
898,восточный банк,ВОСШЧНЫХ БАНЬ
899,МОЙКА,5
900,Федеральная налоговая служба,Федеральная налоговая слуЖба ЫЕв МыМиием9и
901,BARZINI РЕСТОРАН ИТАЛЬЯНСКОЙ КУХНИ,Ш#ЛШЪ Р ЕСТОР АН ИТАльЯнской КУХНИ
902,WC,[(-
903,ЛИЦЕЙ 17,ИНМИ: ОБА-ЭЫЫ АЛМЫЕТАЦНИ ПРОД= СШФошя МУНИЦИПАЛЫОЕ АВТОКОННОЕ ОБЩЕОБРАЗОВАТЕЛЬОЕ УЧРЕЛ ДЕНИЕ ЛИЦЕЙ & 17 ГОРОДА СТАЕРОПОЛ?
904,230-231,230-231|
905,here now,[/ &14@4'
906,HILDING ANDERS,[а нцыме АЬРН9
907,СЕМЕЙНОГО,"УХОД ""СЕМЕЙНОГО УДИЯ"
908,ББР БАНК,ЭБАРк
909,ПОЛИКЛИНИКА 32,ВВВВ [ СМ [Ц ПОЛИКЛИНИКА 32 ОКНО ЕЕВ
910,ВЫВЕСКА,ВЫВ;СК
911,Курицу вином НЕ поить,ВИНОМ Курицу <оЧшЬ НЕ
912,37,37
913,НАВАЛЬНЫ,"{Ън8"""
914,юляятеб люблю,ЯНДыг
915,АВАЛЬНЫЙ,НАВААЬНЫ
916,С новым годом,
917,i love you,1е €  *: 1<? х2 > 7]}
918,люблю тебя,4+6 3 ^ -О тЕбЯ
919,2020 2021,2020
920,Merry Christmas,"ФА? 0  """
921,LOVE,
922,желаем здоровья! мы-вместе," ЭАААЕМ ЗО₽оБА_7 2 4 0488/,, # Ы-ВАЕСТЕ"
923,Happy New Year,4с9ч {еу Уе (с
924,2022,202 2
925,ПУТИН-ВОР,Гн-е 21г
926,2019 2020 2021 2022,9 2022
927,Merry,64 ~7 ( 74
928,ШНУР SOS,ш н У ₽ $ 0 $
929,2022 HELLO,2022 НЕ< 
930,навальный,[#В+4ь6ы7
931,НАВАЛЬНЫЙ!,НАРАМЬн^У
932,SNOW,';@1
933,УБРАТЬ КУЧЮ,П9тИн Помоги УБРАТЬ ХЧЦэ
934,SPRING,<е2 16
935,2020,2020
936,ТА ИНГ,
937,SALE,'А1€
938,В ЮНЕСКО,~<
939,SPRING TIME,"22|М 7 , мЕ"
940,Доброе Утро,УбеДбр @юрд
941,Bud,
942,снегом!,снегом:
943,С первым снегом!,#еъ(& снегома
944,СН ВИК должен быть БЕЛЫЙ!,сНЦ ОВИК допжен быть БЕЛЫЙ!
945,2019,2019
946,Happy new yea,""""" 42849 Чеф"
947,17 января - Всемирный день снега,17 янбаря - Всемрныц Яень сне2б
948,2017,
949,snow,'о
950,С новым годом!,#НОВЫМ ТОДОМ
951,URA.RU,&@^ @_
952,сккрсп,
953,SNOW,$&@1)
954,Пусть Зима будет С НЕЖНОЙ,Пусл @ЖНЙ}
955,ПОВЕРХ ЧЬЕЙ-ТО ЛИЧНОСТИ CBCM,ПОВЕРМЧЕОЛИНОЧЮ ШИ
956,ЭТОЙ ЗИМОЙ,ЭТОИ ЗИМОИ анпаиаПаЛ=я ЯЕшДЛТш
957,ДНР,
958,ПОМНИМ...,59 [(; ПОМНИМ:: 1945 1941
959,ПЕДО ФИЛ,ЗИ^ ПЕАМ
960,pi,ри)
961,С ПЕРВЫМ СНЕГОМ,С ПЕРРЫМ СНЕГОМ
962,МЕДСЛУЖБА,МЕДСЛУЖБА
963,улан-удэ,ПЛАНУТЭ
964,"Музыкальный спектакль ""Сердце на снегу""","Музыкапьный спектакль ""Сердце на снегу"" ро^и"
965,"СВЕЗЛИ ВЕСЬ СНЕГ ГОРОДА НА КРАСНУЮ  ПЛОЩАДЬ. СПАТЬ НЕ ДАЮТ - ДОЛБЯТ  БОРТОМ, ЧТОБЫ  РАЗГРУЗИТЬ  ПРИЛИПШИЙ СНЕГ","@рго9еп СВЕЗЛИ ВЕСЬ СНЕГ ГОРОДА НА КРАСНУЮ ПЛОЩАДЬ: СПАТЬ НЕ ДАЮТ ДОЛБЯТ БОРТОМ ЧТОБЫ РАЗГРУЗИТЬ ПРИЛИПШИЙ СНЕГ @8ЫО.}А.24 @8УОШ}А 24 @ТУН6_Ы @.ЕШЗ_.6824 8,6,57"
966,GenShin impact,С# Ян [6;э сав
967,"СПАСИБО, НАМ ЕЩЕ ОТ ПЕРВОЙ ИКАЕТСЯ.",#а4; Ярясиьо Ае иеао; ОЕРвсй
968,"ОСТАТЬСЯ ДОМА = СОХРАНИТЬ  ЗДОРОВЬЕ, А МОЖЕТ, И ЖИЗНЬ!","Р 1/15,20) ОСТАТЬСя ДОМА СОХРАНИТЬ ЗДОРОВЬЕ; МОЖЕТ , ЖИЗНы пв-воо - 66а-112"
969,динамо - игры чемпионов ,"~ДЮАЧО""~ ИГРЫ Ч ЕМПИЛКЕВ"
970,ночи защитника отечества ,ШИЕМИШИ ЧЕНВИ
971,кубок мэра,и& КУЕПК ШаР
972,LIVE! ЖИВИ!,[.:! [ИВ!
973,спасибоврачам, М
974,ПРОСТО скоро весна,' 34 ПРОСТО штвгорьсна
975,С Праздником!,Праздником:
976,БЛАГОТВОРИТЕЛЬНЫЙ ЗАБЕГ,БЛАГОТНЕРИПЕПЬНЬ ? Зае
977,с днем рождения! москва,6 ДЫЕМ РОЖДЕМПЯ: МО(В;
978,5,
979,Поздравляем!,"4,0  я,6 @00367"
980,ИНФОРМАЦИОННЫЙ СТЕНД,ТОНПШПМПАПЕНЭГОРЕЛОНТА МНОТОСЕАРНРындо>ОВГОРоцнас вы ИНФОРМАЦИОННЫЙ СТЕНД 0 ПРОВЕДЕНИИ КАПИТАЛЬНОГО РЕНОНТА МНОГОКВАРТИРНОМ ДОМЕ #асы Ул Сулостроитолъналадатк 1 316Н159-5  ЛиААяи1рц ешаттт т
981,с днем победы!,С ДНЕМ ПОБЕДЫ!
982,коммунизм,КОМУИЭМ
983,ИВАН ВЕЛИЧКО ВО ВРЕМЯ БОЯ БЫЛ РАНЕН НО СПАС ВСЮГРУППУ ИЗ ГОРЯЩЕГО БТР,ИВАНВЕЛИЧКО [0 ВРЕМЯ БОЯ БЫЛРАНЕН Н0 СПАС ВСЮ ГРУППУИЗГОРЯШЕГО БР
984,Экономьте с новой бонусной картой! до 100 оплата покупок бонусами до 5 возврат бонусами,Экономьте с новой бонусной картой! 100% оплата покупок бонусами 5% возврат бонусами Пслянерренюю Бъдиснируаспымаганис
985,Вся власть Советам!,Вся власть Советам
986,CHOOSE LOSE,6
987,АМПАХЬШЬ-ШАНА,
988,БОЛЬШИЕ,БЧШ Хиыыо
989,Защита прав потребителей,Диншъад Защита прав потрёбителей к
990,ПОБЕДИТЕЛИ,ПОБЕДИХЕМИ
991,СЮРПРИЗ ДЛЯ СИНЬОРИНЫ КОРИЦЫ,Шипы4н СРПРИВ ДЛЯ СИНЬОРИНЫ КОРИЦЫ
992,РУССКИЙ ЯЗЫК,ДПИшЮ НКБЦЫ РУЧКИЙ ЯЫК
993,К Н И Г И  МЕРТВЫХ,ГЛЕН КУК К Н ИГ И МЕРТВЫХ
994,КАН-КУН,Бшче КАН-КУН памперые ОТРНП 0  Кинм
995,Кит на пляже, #а ля^ Шшка Шает [
996,сюрприз для синьорины корицы,СРПРИЗ ДЛЯ СИНЬЕРИНЫЯ КСРИЦЫ
997,каталог славяно-русских рукописных книг из собрания е.е. егорова,ТЦлшщеяшшми ЕЛЕала ФЕЕаНАГЕГЕТУИАЛЛНТНННЕНН 'а]неиынавЪЕ1
998,ЛИТЕРАТУРНЫЙ КОНКУРС БЕЛОЙ ВОРОНЫ,ЛНТЕРАТУРНЫЯ НЕЧК- ЕЕЛоИ 4а] РПНн| т1лзаыПцармнча
999,УГОЛОК ПОКУПАТЕЛЯ,иою пошшшыщ
1000,Петр Смычагин Тихий гром,Пепрыча:шн 'шхшш ером
1001,брайан трейси нет оправданий! сила самодисциплины,ТРЕЙСИ НЕТ) ОПРАВДАНАЙ (И САМОДИСИПЛИНЫ
1002,что нам есть с точки зрения химии,ЧТО АМ сть сттчкнамшл хинн
1003,ВИНОХРАНИТЕЛЬ,ИНОКРА}
1004,Детские книги в круге чтения взрослых,Зем ские Инчаи 8 <2уъе ~меци оэксъ)
1005,Кухня и Бар,[шухня н Бар
1006,Jolie салон красоты,красоты = аком ;расота `
1007,то MOTUL агаз,1@ ЫПи [ЛЭШ
1008,ДЕКАТЛОН,Чт[}Е5Э ШМПЛОН
1009,Салон Кра,{ш
1010,ПРОДУКТОВ,~зодиктов
1011,свежее мясо студия красоты,@ВЕЖЕЕ мясо СТУПИЯ 1780715]
1012,PAPA greek,Ш# 'КССК
1013,Pravilo,Ргаш (здагос
1014,Symposium,ХмРозтчм
1015,полиция,П 0 л и ц и я
1016,БИНБАНК,ЖИНБАНК
1017,ДЕКАТЛОН,ДЕКАТЛОН
1018,Пекарня Добропек,Шобропею и4и
1019,ELISABETTA FRANCHI,яЕ Е.ЗАВЕТТА -@^ СН | яЕ ЕЦ5 ^ ₽ЕТЦА Е?^&СН|
1020,ПЕКАРНЯ Добропек,ПЕКАРНЯ ДобрОцек : 1
1021,WILDBERRIES,[ШВ@
1022,Е,
1023,МЕТИЗЫ,мешПзы ~*
1024,МАГНИТ,МАГн
1025,полиция,Л ИцИ я
1026,Л'ОКСИТАН,ЛОКСИТАН
1027,KazanExpress,Ка2апБкре$
1028,СУШИ БАР ШИРЕ ХАРИ,ЕУШИ=АР [ЫнЕ {АРи
1029,lady gentleman CITY,8 9еп';-Щ С 'афу
1030,H M,{
1031,ДОМОВОЙ,"2.,лж 4эжж"
1032,Бахетле  супермаркет домашней еды,~их<+е С УП Е ₽ М А ₽ К Е Т Д 0 М А Ш Н Е Й Е д ы
1033,СТОЛОВКА,оги 4
1034,РЕМОНТЪ ОДЕЖДЫ,7о РЕОШЪ ОДЕЙДЫ Сарочш ЕЛИРНЫЙ Велонь #ш [РП ашл ШШЫ[ РЕБРО
1035,вывески,ВЫВЕО]
1036,Гармония стиля и движения Автолига,ситля имонг+я Я(олк8
1037,ГАЗПРОМБАНК,Фм Уй> мФ {оъ} [ЕВШОШЕЮ [о2
1038,HEADBELLE PHOTOGRAPHY,"""Д1а [_?тж""; ₽ # 0 Т 0 & ? ^ ₽ #у # Е ^ 0 В Е ! ! Е"
1039,не сдаваться,#Е ОПВНТЬСЯ
1040,КУПИ АВТОМОБИЛЬ,КУПИ ЯВТОМОБИЛЬ
1041,НЕТ ВОЙНЕ!,НЕт ВойнЕ
1042,METRO LAST LIGHT,Мя[) .^ЗТ 1-@ЯНТ
1043,КОНДИЦИОНЕР НЕ ОТКРЫВАТЬ РАБОТАЕТ ОКНО,ЖОНМИЩШШР ШШФтАЦ (#КНЫАТЬ ШКНО)
1044,Нет входа,"Нет входа Даромадгох нест К1г:} ,о9"
1045,METRO EXODUS,Мяво ЕХ@ Ш Ш&
1046,Finally we have a real man in the whte house. A white man,"+тк у Ф@ [же 'гь4 {я4 '1 ""4й1: "" йии Изи <"
1047,саларьево,€ АЛА ₽ Ь Е В 0
1048,"МЕСТА ДЛЯ ТЕХ,КТО ХОЧЕТ ПОЗНА- КОМИТЬСЯ",МЕСТА шлылю ашл
1049,ЛЕНИНА,пвниня
1050,НАДПИСЬ НА СТАНЦИИ МЕТРО В США ВОСХВАЛЯЕТ МУЖЕСТВО УКРАИНЦЕВ?,ТНПШЕНТ [ИНЕШ ИНаТ [@Я'ЕП? 1 НАДПИСЬ НА анп тНЕ 5:Ш .КП:-&Е СТННЦИИМЕРО В НША ВО(ХВАЛЯЕГ МУЖЕСТВО УКРАИНЩЕВ?ет $+аоп] ашп 8 Тпе Вгопх
1051,ВАМ!,0 ЭВАМ
1052,12,12 УАндщ Згл-[ 'пяят! Елвашн ЧгоП - Пптгагн: нути-сыр
1053,"На двух станциях метро Москвы продублировали надписи на фарси и  узбекском языке. В мэрии заявили, что  это сделали для удобства мигрантов","На двух санциях метро Москвы продублировали надписи на фарси узбекском языке: В мэрии заявили, что это сделали для удобства мигрантов"
1054,МЕТРО ЛЮБЛИНО РАБОТАЕМ,]н4Ю #ШШ
1055,выход в город переход на сокольническую линию 1,В #4 > ВЫхОд [ПЕРЕХОА ТОРОД (ОКОЛЫШ(Э Ш
1056,wash your HANDS brush your  TEETH BE TIDY  DON'T FORGET to blush,[МЪЮ {#^Я; ТЕН ВЕЙ& ;О@;ЕГ вомМок Ф [нДа\ш хушу757
1057,М Партизанская карта Московского метрополитена,Енс_н - М ГгПалне Гаганнч ггшнн Партизанская карта Маскавскаго метрополитена инчнгяьпгл Ладотлькаго Аъоапоат шцчи ШАгапаоар Лртоорасна0з лолт [нуетчн Совогиима апинннга ₽ Пързомаьаы Смв Тиыутатгг_н9 Беанаасвп 3югътплтагллпата
1058,"МЕСТА ДЛЯ ТЕХ, КТО ХОЧЕТ ПОЗНА- КОМИТЬСЯ",МЕСТА Длщ ХОЧЕТЛОЗНА ЖКОМИЛЬСЯ Ко
1059,лаборатория,МБОРАОМИ
1060,РЕЧЬ СТАЛИНА НА СТАНЦИИ МЕТРО МАЯКОВСКАЯ,"НЬтогу _а} УРрНиЕ РЕЧЬ СТАЛИНА НА СТАНЦИИ МЕТРО КМАЯКОВСКАЯ "" 6 ноября 1941 года"
1061,МОСКВА,[[
1062,M,(
1063,РЕКЛАМА НА АСФАЛЬТЕ любой сложности,ПЭЕКЛАА НА АСФАЛЬТЕ любой слОжноск 
1064,реклама на асфальте,РЕКЛАМА Нд АС#АЛЬТЕ
1065,АВТО,"т9, )ваь 3 шпн=шпп-гъ а"
1066,РЕКЛАМА НА АСФАЛЬТЕ,Р% МА ЛА А ЛТ1
1067,Try,
1068,САЛОН ПАРИКМАХЕРСКАЯ,6  2 0 @мФ? 2
1069,право на идентичность,'##АВа [АЕНТКЧ:ОС ' - #
1070,ШАУРМА,~5>
1071,Реклама на асфальте т. 0988444002,Феклалма н асфалыпе 0988444002
1072,КАРАОКЕ CONCERT55HALL ЭТОТВОЯНОЧЬ,КАРАОКЕ (ФЮСЕК5БНАЦ #ЭТОТВОЯночы
1073,Аптека  Рубин,АПТЕКА РУБИН
1074,"Асфальт, Я тебе не по Зубам",АСОААЫ 13 нельсинсца Еддышан шпем] ВуБм ЯнЕ5о
1075,РЕМОНТ автомобильной дороги по ул.Гаражная в с. Тополево,РЕМОНТ злитанс Бильнай дарагн па Гашатнян Таполтп
1076,Капитальный ремонт улицы Мухина,улицы Мухина рамонт каптальнын
1077,"Зачем ходить, где ездят? Выбирай велосипед на OZON.ru",2 1 1
1078,20,20
1079,АСФАЛЬТ НА ПРОВЕРКУ,АСФАЛЬТ НА ПРОВЕРКУ
1080,АТЕЛЬЕ,АТЕЛЬЕ' РенОнт Оделин Подгонпа д0 &ипура Реставрация ТЛИнЕапи ХудОмеПвеннаЯ ШСп Вышивна Вявашне Тцани 9-21  ШТОР ПОШИВ Наркиы-Накп1я [г хинчшка ((495025755*58 [аб0-::м: 
1081,SUZUKA CIRCUIT,БЦ=ШКП ЕЮ@ЕЦТ
1082,девочки 270-06-,ДЕВОЧКИ 270-06-
1083,EA Для вашег,# Для вашег
1084,МЕСТО СДАЕТСЯ 953- 82-2222,[ЕСЛ @ДАЕШСЯ омотин 953-482-2222
1085,Красноярская клиническая больница 20 им. И.С. Берзона,больрасноярская) клиническая им: ИС: Берзона
1086,ДОБРО пожаловать на ВТОРОЙ ЭТАЖ!,#И [5Р Лмимм ТЛМ ВВЮРЙ)
1087,МАКЕЕВСКАЯ ул.,ИПМЕ[ВШ ч
1088,19 СТОЛЯРНАЯ улица,19 СТОЛЯРНАЯ УЛИЦА
1089,дальнобой,Енъеъху
1090,18 улица Старая деревня,18 улица Старая деревня Аанньск
1091,газелька,гнав0у
1092,THE STRAND,ТНЕ УП
1093,А что случи - лось с ним В 1938 году?,ЧТО СУчи = 4а(ь ним 438 п)
1094,УЛ. БРАТЬЕВ КАШИРИНЫХ ТОПОЛИНАЯ АЛЛЕЯ,УЛ БРАТЬЕВ КАШИРИНЫХ ТОПОЛИНАЯ АЛЛЕЯ
1095,EAGLE TEAM,ЕАС_Е Т Е А м
1096,HOTEL,нбт=_
1097,Место для курения,Ме с т 0 дл я кур ени я
1098,улица Виталия Скалозубова 37,31 Сколозувока . Уалня
1099,ул. Советская  219А,у Советская 219А
1100,GOS - NOMER777 ИЗГОТОВЛЕНИЕ НОМЕРОВ,605-~ОМЕ@777 ИЗГОТОВЛЕНИЕ НОМЕРОВ
1101,GOS NOMER777 ИЗГОТОВЛЕНИЕ НОМЕРОВ,Езе _Му=К узк жве_аоуЕв
1102,P,Р #
1103,Свое производство и доставка по всей России ,@вовпРоизводашвом досивкА[вад России
1104,Свое производство и доставка по всей России,@овпоизводавом ДССИВ^ 0ва.?са
1105,мои документы,9а ЧмЕНТЫ ття
1106,"УЛ. ЭНГЕЛЬСА, 77-А",УЛ; ЭНГЕЛЬСА; 77-н
1107,Цифровой мир,Цифровой мир
1108,Цифровой мир,Цифровой мир
1109,Иль-де-Франс,~Франс Шьде
1110,ПРОДУКТЫ,пОллиш шача
1111,Glossy Go e on,@ & &о са; @^о'зу
1112,FISHING TOURNAMENT,#$#;м6 ТОШ;Ы^МЕШТ
1113,BOUTIQUE,ВО.Т@@_Е
1114,zepter INTERNATIONAL,Гер@ег
1115,МЕБЕЛЬ КУХНИ VERONA,ПОМА МЕВЕЛЬА КУХНИ 1ЕК ттвиг 01_
1116,КАШЕМИР И ШЕЛК,И ШЕАК КАШЕМИР 
1117,PROST! BOISE EST 2015,₽К@т! [О-$Е ЕЗТ 2015
1118,SA LE спродажа,Ёв тспродажа 7096
1119,ЛЕРУА МЕРЛЕН,ПАИ ЧИиян ^^ ~Р
1120,Русская Птица,Исскоя Штица
1121,орт,ОР=
1122,YVES ROCHE FRANCE,Жоене {в`
1123,механика света,МЕХАНИКА @ВЕП^
1124,ПОЧТА РОССИИ ПОЧТА БАНК,ШУ&СЙ [ШЕ
1125,ГЛОБУС КАНЦТОВАРЫ И ТВОРЧЕСТВО,75 БуЗ КАНЦТОВАРЫ и твОрчЕствО
1126,ОХОТНИК,охотник
1127,МЕДТЕХНИКА,
1128,А,петгтп = ~пл 
1129,GET TROUBLE KELLY LINK,#ич4 Бчп 5гь;лыа [нч} тА #дыягпилпи пт ч 1И]ап|141 '(е ТОИЁ Ц^К К;?
1130,СОВРЕМЕННЫЙ РУССКИЙ ЯЗЫК ЛЕКСИКОЛОГИЯ. ФРАЗЕОЛОГИЯ,1ШЦ1 ш!+лодан (ОВРЕМЕННЫЙ РУССКИ] ЯЗЫК ЛЕКСИЮОЛОПНЯ; ФРЗЕОЛОПЯ 1 П € 0 ! ;
1131,AUTUMN COVER,А.ТИМЫ сУБа
1132,Книга Пожеланий,Жн2( Полселнцй
1133,Daisy Jones THE SIX,"'о= 'е""п= д 1а = 'пв )а&; Фоп@' & ТНЕ $х ~Ршдаш6 Еъоазв ""Епт лга 10₽]  ""лл5 озчеша ТА?ЦО} #ЕП< $ К#@"
1134,лунный ветер Евгения Сафонова,~8ул; & Ш-~ ЛУННЫЙ ВЕ 1ЕР Евгения Сафонова
1135,КЛУБ весёлых человечков,АХРБ яе8лъэо 5нти
1136,РА ФАЛ ВОЯ ЧЕК,РА ФАЛ РОЯ т7
1137,Олег и Ольга,"()ц"" % Омж"
1138,Гуси- лебеди,ПЕРПЫЕ нмуи [УСИ АЕБЕИ ман
1139,Тараканище,Яараканиие
1140,СКАЗОК,ЯКД96
1141,СТО ОДИН РЕЦЕПТ,СО ОДИН РЕЦЕПТ
1142,С юбилеем!,Це-Бо * /ч юбчлеел!
1143,УНИВЕРСАЛЬНЫЙ КЛЮЧ ТАРО,УШВЕРСАЛЫЫМЕЛЮЧ ТАРО
1144,А.С. Пушкин СКАЗКИ,"С"" С{ЯЮ Пушкин"
1145,Русский язык 1,ААДЕ ЧНаЦА Мелыдин = Русский &8ы133
1146,Алексей и Екатерина 02.10.2010,#иексей % &юиж%чк& 02.10.2010
1147,Олег и Ольга,0 ( От Длю
1148,АРИФМЕТКА,АРИФМЕТИКА 9л класся
1149,ТЕРЕМОК,ТЬзС ₽ 0 € МЭ Н
1150,РОДНОЕ СЛОВО 2,РДЮШЕ[ЛОВ 2
1151,БОРИС КОЩЕЕВ Формула успеха Эпизод I,БОРИС КОЩЕЕВ Формула успоха Эпизод [ 5 Це-Воок 7Ч
1152,"КОТ, ПЕТУХ И ЛИСА",(О#Ше ИаисА
1153,1984 GEORGE ORWELL,1984 @@Ф@@Е ОРШ=__
1154,ТРЕНАЖЁР ПО ЧИСТОПИСАНИЮ Русский язык 4,5а:л И ТРЕНОЖЁР по ЧИСТОПСАНИЮ @чсо 9.зьч€
1155,РУССКИЙ ЯЗЫК,"саипищя НАГАЯАНЫЙ ШКоАЬНЫЙ куРс РУССКИЙ #ВЫ яшъга_а УАобно понятно сисба Бънан оень сынт Вкрал%е лш1 шити ЯРУКТУРА ЛКСТОВ 'ычшан УДОБНАН для зАпоминАнИя Ашшыаятн Цкыш ЗАКРЕПЛЕНИЕ аън инусъин СИПАМИЛАЦИН ЗАНИЙ послтдопАпльног ломтниг ннооРмАции 05 ПОД,ОюОВКА АуРОкАн огэи[,"
1156,РУССКИЙ ЯЗЫК И КУЛЬТУРА РЕЧИ,СРЕДНЕЕ Но8с ОБРА ЗОВАНИЕ ЛА ВВЕДЕНСКАЯ МН ЧЕРКАСОВА РУССКИЙ ЯЗЫК ИНУЛЫУРА РЕЧИ Ф Е Н И К € [сяашАпчин
1157,РУССКИЙ ЯЗЫК,Т Г Рамзаева Л: С Сильченкова Тетрадь для проверочных работ к учебнику Т Г Рамзаевой РУССКИЙ ЯЗЫК #с '2
1158,Летние задания,Иетнше ЗОЧШНЦЯ по [уссгому #м 7]!ы
1159,Святый княже Александре моли Бога о нас!,"Святый КНЯЖЕ АЛЕКСАНДРЕ; моли БОгА 0 НАС! СВят0Х КНЛ ь 4  ЕКСАнд ; Кал;Боги НАс1 СОЛУНСКАЯ улица КОЛОМЯЖСКИЙ проспект ФНМН рУ"""
1160,Welcome to MURDER,"{оФл@( ~@>ЕЙ Л ТН@ЕЕ В""Ь_В_^@ [$ 0 .Т51 € {1 ~ИЗ$;У #ВВШЯ [Е/М4 ЖЮу"
1161,Kira Plastinina,"(;л(Шл {пКР""-_`ЦП"
1162,ГОСУДАРСТВО НЕ ПРОСИЛО ВАС РОЖАТЬ!,ШОНУДИРНаО НЕПРОНИЛЛОВАВ РОШИЫ
1163,"Дешевле, чем бесплатно, не бывает!","Дешевле; чем 3, не бывает! 46 безлимитно ОПЦИя в тарифах кВСЁ!> 9999 ил"" ,ее ,е ш 191. . ~мяни  игларуттнтъ Бцлацн"" зншзнаБ [.=5 [[312] 433-4848' Терсцдок ВТБ бесплатно (101"
1164,Здесь могла бы быть ваша частушка,ЗОесь мозла бы бышъ щаша часшушка
1165,HI,
1166,"это твоя олимпиада! встречай олимпийский огонь! 11 января в 20:30, г. Саратов, Театральная площадь","2о атп твпя Б^ИМЬИАААН ВГТРЕЧАЙ ПАИМПИЙЕКИЙ пгпНЫ! 11 января в 20.30,г Саратов; Театрапьная площадь 0 ""  ,010) $"
1167,ФОНД ПРЕЗИДЕНТСКИХ ГРАНТОВ,ФОНД ПРЕЗИДЕНТСКИХ ГРАНТОВ
1168,SAVE THE GALAXY JAMES GUN FOR RehireJames unn.com,"~ ~Е""и6 аАшЕ @Ц}. [е}геЗашез@_п-@ош"
1169,RUNREN R DIT,"""Инит'"
1170,LOVE,16
1171,ЛЮБОВЬ,лгевь
1172,КТСП,К[С[
1173,MAN RRE,".< "":81'"
1174,А,4
1175,остел,1 } [7?
1176,briskly FACTORY,Ьчк!у [АСОВУ
1177,Olymp,ОГУм'
1178,TELE2,шшттинол #в2
1179,СТУДИЯ КРАСОТЫ МАРИНЫ АМИРБЕРГОВОЙ,СТУДИЯ КРАсОТЫ МАРИНЫ АМИРБЕГОВОЙ
1180,РУССКИЙ СТАНДАРТ БАНК,"Русский . {[нШ  ""4ну"
1181,WHITE,
1182,КВС,#КВС {
1183,АКВАРОДОС мебе для,аКВаРодос
1184,иностранные языки МИЛЛЕННИУМ,ШК ~ш '  иностранные языки МИППЕННИУМ
1185,твой дом ночью и днём!,Ч 40м1 ТВОЯ 9нём! НОЧЬЮ
1186,салон цветов и подарков,САЛОН ЦВЕТОВ ! ИПареи: `
1187,АВТОЛОЦМАН,АФСтмин
1188,3,5з
1189,МАГНОЛИЯ,МАНотия
1190,G,
1191,match,0@ бы
1192,е,(
1193,ПОДВОДНАЯ RiverMan,ПОДВоДИ К{@ы
1194,ARE PE,Рв
1195,2020,40
1196,котофей,[ошофой
1197,720 БАТУТНЫЙ КЛУБ,на0 БАтутный КЛУВ
1198,ВЕТЕРИНАР,ВЕТЕ  мнэ
1199,ЛЮБОВЬ,Л9Б вы
1200,U,2
1201,Анастасия Маргарита,[*нас/ясця' {'Маёарш&@
1202,К,{
1203,одежда,ОАЕЖАА
1204,OZON,@20м
1205,ОРТОПЕДИЧНИЙ САЛОН,ОРТОПЕЛИ#ОЛ
1206,Best ц,(23+д
1207,НТЕРЬЕР Студия,"(дчя ""ШЖ#"
1208,автозапчасти,АВТОЭАпЧАСтИ
1209,СЕТЬ КЛИНИК БЭБИБУМ,ШиЙ Сш # СЕГЬ ! 'КЛИНИКБЭМБМ 'эб4омы
1210,НАРАЩИВАНИЕ РЕСНИЦ Студия Анны Ключко,ШРЦЯВШМЕРЕСНИЦ лПдияАнны Ключкал
1211,сквер имени сергея тюленина,&кве: ишвд свъй [*;[й:
1212,MERCURY,МЕКЖ_??_
1213,ROOMS Premium hostel,@9&Э Ргеш . лов
1214,А,А
1215,G,@
1216,а,&
1217,SWAROVSKI,РПК ФУКВ4 60 $@О@'К РПК ФУКВ 4 60
1218,ветов,{2 
1219,А,Ё^
1220,BANDEO,ВАял
1221,СОКОЛ,~Юхо/
1222,ЛИНЗМАСТЕР,Д;МНСЕР
1223,А,А
1224,DNS,ШШ] [)з шлол ща
1225,КАФЕ,КАФЕ
1226,PARK RESIDENCES житловий комплекс,РАКК К@З_@ЫЕ` тлше ~амШЛ ;
1227,ГРАНАТ,
1228,MODIS,"""ыэ"
1229,Andrey,
1230,41,
1231,ситилаб,ситилаБ
1232,Р,Р
1233,"план эвакуации при пожаре г. Москва, ул. 2-я Мелитопольская, вл. 4А, стр. 39 Офисно-складской комплекс",2а ЫВЭЕ+ шд4ад % Мбавз ПРИПОЖАРЕ 'ЭВАКУАЦИИ Мелисгощты  ПЛАН Омию0олагаокмплас
1234,"Я НЕ ГРУСТНЫЙ, Я ТРЕЗВЫЙ!",ЯНЕ ТРУННЫЙ; ТРЕЗВЫЙ!
1235,W2UHG,~ч: [2ЫН ЗТнЕ ЪЗА @АР)Е^
1236,ДЕКАТЛОН,ДЕКАПЛН
1237,СОБЛЮДАЙТЕ ЧИСТОТУ PLEASE DO NOT LITTER HERE,СОБЛЮДАЙТЕ ЧИСТОТУ ₽ЦЕДЯЕ 00 МОГ ЦТЕ@ НЕРЕ
1238,Наглядность на уроках истории,#ИКЛМШЦА шшн€ МигЕ НЛНГЕПТНППА НаГЛяДНО ТЬ Упоках ИгТОрИП
1239,E1.RU,=К)
1240,ОТЧЕТ,"5""о НеЧыъ"
1241,КУЛЬТУРА НАУКА ОБРАЗОВАНИЕ,[[([;ТШГ( [([; ПЕГИЗП;-[ Е
1242,ВНИМАНИЕ! ОБЪЕКТ НАХОДИТСЯ ПОД ОХРАНОЙ,ВНИМАНИЕ! ОБЪЕКТ НАХОДИТСЯ ПОД ОХРАНОЙ
1243,на крыше лофт-ресторан,%@дрешр@
1244,ПЕРВИЧНЫЙ ПРИЕМ ИНВАЛИДА,ПЕРВИЧНЫЙ  ПРИЕМ 'ИНЕАЛИДА
1245,ЭТНИЧЕСКОЕ И РЕЛИГИОЗНОЕ МНОГООБРАЗИЕ РОССИИ,Я7Ы РГ!П:М ЕРПКГРГЯНГ= МНОГООБРАЗНЕ ЕЭг и
1246,ПУСК ПОЖАРОТУШЕНИЯ,Паа Рат ШЕния
1247,Важная информация,Важная информация
1248,35,35
1249,РЕШАИ! КАКИМ БУДЕТ ТВОЙ ГОРОД,РЕШАИ ! КАКИМ БУДЕТ ТВОЙ ГОРОД
1250,ШКУРНЫЙ ВОПРОС,ЕХУРНЫЙВОП;ОС смола
1251,АВСТРИЙСКАЯ ПЛОЩАДЬ,4ЕГТГЫЫСКАЯ ПЛПЫАШа
1252,стриж детская студия,"детская = ~ , Стуш"
1253,МОХНАТЫЙ КРАБ,шьошшыш ша]
1254,27 ВОЛХОНСКОЕ ШОССЕ,27 ВОЛХОНСКОЕ ШОССЕ
1255,neuhausen,Ъеи/0; п
1256,группа компаний  Авангард,:руппа компанцй Аванеар9 <Ы ' А
1257,медпункт,~лиенмшинолошаитинвыошнчыатуналалринартшин ЫЕДПУНКТ
1258,таблички номерки шильды,ТАБЛИЧКИ НОМЕРКИ ШИЛЬДЫ
1259,СТРОЧКА ИЗ ВАШЙ ЛЮБИМОЙ ПЕСНИ,СТРОЧКН МЗ ВМШЙ МЮБИМОЙПЕСНИ
1260,УЛИЦА САДОВАЯ 65,У Л И Ц А САДОВАЯ 65
1261,2 этаж - СПА,2 этаж - СПА ЕДССЕЙН НУЖСКАЛ РАЗДЕВАДКА ДАНСТА; РАУДЕВАЛКД {АушеВС! турецкан ппрнся Омнгхан парнав }
1262,"Лучше хорошо ВЫГЛЯДЕТЬ, чем хорошо ГОТОВИТЬ.",АучшЕ ХОРОШО ВЫГАЯАЕТЪ; чЕмМ ХОРОШО готовить
1263,П Э,
1264,Этикетка на продовольственном товаре,Этихстка на продавольстввнном тОЕсре {ьш 1 Капо-мЕла-н ТаЦачгч Еся #рермлцм; =ь€-яанс ~егпо7
1265,ALTOS,#ТОЯ ЖЫЦЯЛЧ Нта игтаь пилиа дтыв5 7 Вей %{ 055]54 2[ +
1266,The best things come in this package!,9 федт 45_ ххос Иуя ~5 сал шша;
1267,казенное вино.,"{ВЕЮНЩЕ ВИЮЪ: [РЫцОЬ ВЕДРК 408 [НИ 2р 25 ЛЧДы 25 #, #.ГФ ₽: 50 к"
1268,СПАСИБО ЗА ПОБЕДУ!,СПАЗИБО 3А ЛОБЕАУ! Хячр? Умпсля т Кон_ Яен-;ну рысунно ЕРчсуюЛобсоуСклёнкоц получпй ~лран цра#анч4 Пицты Косдаоиеа ооуставиях конкурсп Ш  [офеф__пе_а +1 Шоколад молочный Аленка пАленка Стп шаколады (ёнка молочнъй шоколад НЕГО; 10г 12 10+ [[ [ОсТ 31721 120420 120421 Конкурс @втекоо Рч:унка горева 6 ~6еп}
1269,Принтеры для WILDBERRIES 2022,Принтеры для ._[ВЕ@@-Е$ 2022
1270,энциклопедический словарь гранат,~ЗНШЛЕЧ СИОВАРБ [ЫИ 'РЛЛ 
1271,CAVA,"01 САУ4 @ЕЗЕ@УА ЗКОТ ""жо В₽ЪТ ЗЕ_ЕСЕ) ВУ ТЕЯСО [ОБ_СН 6 МАПИО54 ; ] #48 $4.{К]] АМО1; Т5се 5-Ы;ТМИ550 4 '@О.СЕ $-^"
1272,MILK grape,"(оптаВ: ВОДа УнЯгченная ДМаННД УГОПЬНОН КНСЛОТЫ; ГЛИЦЕРНН наСЛО ВаЗСЛННОВОС; (ТеарнП НеТНКОН КаПрИЛИЛ НСТНКОН; ПЭГ-40 ПДрОГеННЗНРОВаННОе кастОровОе наСЛО; НаСЛО Дл  кЗКЯ0; цетеарНЛОВЫЙ (ПИрТ; ГЛИЦеРНЛ (ТСа[а; ПЧРЛННЫЙ ВОСК; ПОЛМаКОНЛЧТ НаТрня; ГЛИЦАРНП ПОЛИНРПаКОНЛаТ ПРОПНЛеНГЛНКОЛЬ; РУЧ/М} ; (ЮЛЖМОР;ЗОВНОЮСМНОНОЩ  ПОКЛНВОТЖаЗООИЮОН; жатракт виНОГрада; парфюмерная конпознцкя ЗДА каЮрия, (] 19140,(] 42090 6 0 риз4 *дз-л Ле[дцл:_- Пеолий '"
1273,Учимся читать информацию на этикетке с товаром правильно,#чммг; ин |нмя иннн чтищытнеташпам пранашанг ~мт
1274,колбаса Ностальгия,9(€шл2ця ошлжЕшия ~59(<ас жол€& агалат тангяТиша
1275,ПивоЖигулевское,Э(@  : л@б к6е яигов} Сопнаргоэь
1276,STRAT RA M DI NGROUP AUSSIEDLERBOTE,'Т@А}^ М = . | = & 6 ₽ 0 0 ₽ А 0 $ $ | Е 0 > Е ₽ В 0 Т Е
1277,Apacer,~рсч
1278,OZON,07@1
1279,ebay,@ба/
1280,Garlsberg,@г[-ы 9
1281,HINK CAR,Н^К& ^В
1282,Каждый День горбуша,"К@эш ыц Фснь ГОРБУША ПаЕшлщЦИТ Енян МОва_Ен; лышатшъ пптЕвпрЕнАа пралиша на;ч-!г зы'ъзткш 74,0 6 иаомуиинатъеннаат Ш1-77г- ₽}паеАн тилтанъэап СЕРПИСДЛАЕИТА тедетгпсааъгт ""@,95 кг: Чыдашгаслгоши [5' 53384 6 000050 г}часео ааттнн 0.005 кг . пыт"" саы"""
1283,Хлопья овсяные 2 ЯСНО СОЛНЫШКО,Хлопья опсяныс Ма? 1оПн 1оя9+2&8 Лкёцчш; кпта [шшс каесл Аашо 9к чиндедч 05аЮсанезаэстъ 906 #ьтчшштнчлшши:н 25 € натгсенеленоя шансетн га 1игп1тел; гтл тпнтапн}ччитп Илготопгтна муллколано -
1284,ИМЯ KEEP  CALM AND ТЕБЕ ТОЛЬКО 40,ИМЯ КЕЕР САЦМ 4.Ь ТЕБЕ ТОЛЬКО 40
1285,"Найди надпись в интернете и пришли нам, мы сделаем еще круче!",Няйдн НПДПНСЬ В ШНТЕРШЕТЕ [ ПРНШПН СДЕППЕМ ЕЩЕ ИП ШЫ КРУЧЕ!
1286,УСПЕШНАЯ красивая всегда НЕОТРАЗИМАЯ,УСПЕЙМАЯ красибая ЛРАЛИММ 06 @
1287,Любовь это...,Любовь ЭТО::-
1288,ДУША ПОЁТ КАРДИОГРАММА ПЛЯШЕТ  ГОДА ИДУТ А ДУРЬ ВСЁ  ТА ЖЕ!,ДУША ПОЁГ КАРДИОГАММА ПЛЯШЕТ ТОДА ДУТ А ДУРЬ В(Ё ТАЖЕ!
1289,Добавь фото и надпись,и фото Добавь наДПИСь
1290,Это моя лучшая подруга,Эшо ноя учшая ПОАРУГА
1291,галина,'Ац]
1292,Mr.,Мг
1293,БРАТЮБНЬ. НЕ ГРУЗИСЬ! ХЛЕБНИ ЧАЙКУ И УЛЫБНИСЬ!,БРАТЮНЫ #Е ГРУЗИСЫ ХЛЕЁНИ ЧАЖКУ И УЛЫБНМСЫ
1294,СЛЕЗЫ МОИХ БЫВШИХ, СЛЕЗЫ мойх БЫВШИХ
1295,Я Люблю ТЕБЯ больше чем КОФЕ,Я Люблю ТЕБЯ больше чем КОФЕ
1296,САМАЯ ОЧАРОВАТЕЛЬНАЯ В МИРЕ МАМА,САМ^Я ОЧАРОВАТС^ЬМАЯ 8 МРё МИПЯ
1297,МОЛОДЕЦ,(6 '=Ц
1298,"САША не бухает, САША отдыхает","САША не бчхаею, САША ошДых@еи Аг+о"
1299,СПАСИТЕ ОТ ГУЛЯНОК ВОЗЬМИТЕ В ЖЕНЫ,{{СЩЕ ВЖЕНВ
1300,БЕСИТЕ,{[(Ы[
1301,Царица Екатерина,Царнца {катсрина
1302,"BRZUCH od piwa, niz GARBA od roboty",Юфа (@ Вю7И @Ф [`л@@ л1ъ @АВА @Ф @@()
1303,НЕТ. Я НЕ БУДУ ЧИНИТЬ ВАШ КОМПЬЮТЕР,#ЕТ ЯНЕ БЧЛЧ ЧИНИТЬ ВЯШ #ОМПЬЮТЕР
1304,Выход из режима сна,режима сна Иаст4у Выход
1305,m,2
1306,С 8 Марта!,[6 8 ((и&}
1307,"Доброе утро всем, кто начал этот день с нотки раздражения",ЧТРО ВСЕП; НАЧАЛ Этот РАЗДрАЖЕНИЯ ДОБРОЕ КТО ДЕНЬ НОтКИ
1308,world skills Russia,[Ог--$&:5 [ызз1а
1309,ПОЗВОНИТЬ,ПОЗВОНИТЬ
1310,"С днем рождения, АлёнушКа!","Пример н-дписи на сшондарином шорше 9Неч Зо5с9енчях ""ёнчжка!"
1311,С Днем Рождения любимый!,"~чо ""озЭаща ш"
1312,HAPPY BIRTHDAY,
1313,Happy Birthday,Чбта З_^Ч@
1314,Торт императора Император тортов,?р)& 'ортг мэзратора Иммптратор тоэ оЪ
1315,С днем Рождения Анечка,Се л  факае&хя  ~нюжа
1316,Любимой мамочке!,17л ~еч ~
1317,Кирюше 1 годик,1 %2обч
1318,"С 18- летием, доченька!",648 лшкен 8о &очскч _
1319,Арише 8,@ш2
1320,"С днём рождения, моя хулиганка!",днЁм РождЕния; МОЯ ХУЛНГАНКА!
1321,ВОТ ЧУВСТВУЮ ЧТО МНЕ 18 А ДОКАЗАТЬ НЕ МОГУ,вот чувств&а Ш= 48 4 ДОКА:АТ НЕ ШФД
1322,"С Днём рождения, мамуля!",С Эиё_ Рожсами 4 Долы:
1323,"с 29-летием, моя старушка!",29-хетием ЖоЯ СТАРУШКА:
1324,Анастасия,Дбця
1325,30,30
1326,НЕ МУЖ А ЗОЛОТО И ЛУЧШИЙ ПАПА,"нб МУЖ ""ЗО/ОТО. ЙУЧШИЙ  ПАПА"
1327,Happy Birthday,"'(Вж""н&' )ЛФрь""с"
1328,Happy Birthday,[а @@&
1329,25,'инё(< [инй(  25
1330,хэпи бёздей,Фо ой
1331,Felis mpleanos,"""*{и4"
1332,Feliz,Эе% (МД}
1333,happy birthday,"(0""2"
1334,Happy Birthday,@+-+%ф] Чъ9
1335,НСТВО ХРЕЩЕННЯ IВАНА,"Книга Рецептов 8 (аАеЕшвыя"""
1336,ГОД ПОЗАДИ- ВСЕ ВПЕРЕДИ,ПОЗАОИ впереОИ ГОО ВС?
1337,Dave you are a Huge Disappointment,)чц< Чжь ')  -@ю ^: Кы4&
1338,ВАУ! УЖЕ 20!,
1339,Here s your stupid Cake!!,'Нело' %о С(к_
1340,С днём рождения!,~оеаке
1341,С ДНЁМ РОЖДЕНИЯ!,0 & нёл боэс8еия 9
1342,HAPPY BIRTHDAY HARRY,ВаРРУ @=<нЬЫ? 'АЯ;<
1343,I m Sorry i m a grumpy bitch...,"Тй 0 ё6 8о 26"" 6и-"
1344,с Выздоровлением!блеять!,0 1 кротоъие е 
1345,80,
1346,С Юбилеем!,"{О8нлес""_"
1347,"ОДНАЖДЫ РИСКНУВ, МОЖНО ОСТАТЬСЯ СЧАСТЛИВЫМ НА ВСЮ ЖИЗНЬ.",ОДНАЖДЫ РИСКНУВ МОЖНО ОСТАТЬСЯ СЧАСТПИВЫМ НА ВСЮ ЖИЗНЬ
1348,4 5 6 7 8 9 0,45 8 789 0
1349,"Мы приходим сюда, Чтоб цветы положить, Очень трудно, родная, Без тебя нам прожить","ЖМы приходим сюда, Чшоб цвешъ по1ож?шъ; Оченъ шруоно, рооноя; Фсз шебя #ам прожишъ"
1350,"Да ладно, все нормально",Да все ЛаДнО; 'НОрМально
1351,"Помним, Любим, Скорбим","Помним, Любим, Скорбим"
1352,"Ты жил в полный рост, не жалел беспокойного сердца.",Ты ЖИА ₽ ППАНЫЙ ₽ПЕТ НЕ ЖАХЕА БЕЕППКПЙНПГП ЕЕРАЦА
1353,"ТОМУ, КТО ДОРОГ БЫЛ ПРИ ЖИЗНИ, ОТ ТЕХ, КТО ЛЮБИТ И СКОРБИТ.","ТОМУ, К1О ДОРОГ БЫЛ ЛРИ ЖИЗНИ; 01 ТЕХ, К7О ЛЮВИТ И СЮОРБИТ:"
1354,IN LOVING MEMORY GEORGE DOUGLAS McFLY,[И {Ш МЕОЛИ` []Е 'т#
1355,СВЕТЛАЯ ПАМЯТЬ О ТЕБЕ НАВСЕГДА ОСТАНЕТСЯ В НАШИХ СЕРДЦАХ.,"(ВЕТЛЯ ШИМЯТЬ О ТЕВЕ ""ЯСШДА ОСТШЕЛСЯВНАШХ СЕРДЩАХ"
1356,Rabbi Ben-Cion DONEHIN,"[я} Бе (10. [""&:&"
1357,Воинское захоронение Первой мировой войны,"Воннскос захаронешне Петчан чиравий вшны Лсяцитяа € НИЕан >0 Цшвнан Гьс=вц& тииераптетшшамы ДАрин Гевмынскцы денин пшгапшигшц 3ы14Бш Кге_=_г:} Челп ""~]гЁсЕ Нтыпл }ты мпь л ш]пЧтписеашеел1теы ' шыа рган"
1358,кургановы,"#<р2л н 0 8 Ы ХэыЪ+ Фосх ~*665% Сутеоыцыъбь_ "" шТ"
1359,ПОМНИМ ЛЮБИМ СКОРБИМ, ЛБИМ скаРвия помнш
1360,Владимир Валентинович 22.04.1957 02.12.2015,оп_цов ВЛАДИМИР ВАЛЕНТИНОВИЧ 22.041957 02.12. 2015
1361,Андрей Сироткин,ЧштЕн СИРОткин Н1а
1362,Ермаку от борчан,"С~Мку ОТ БОЧАН ""е&1 ы"
1363,ФАМИЛИЯ Имя Отчество 00.00.0000 00.00.0000,"ФАИЛИЯ Нич {чегшя"" <<_ц€ шп;шш;"
1364,salve,"[Быъав ы ""з="" @4ЪУЕ @ППац Тене Чп рЕЕ  пеШШьевшае @Еканаел Еучшин шци чшъцш дшшашв мши; нинедатнэ ашпатагв яа тЕПвпнен ГР аы принимш наешиын ш.ое напа Та1ыпп прулао Епершллоаест пшшгълш 'Ба1а&  ~ъв _пШпь Маяша - ГЕпюа - ""нншмештъгат"
1365,В ЭТОМ ДОМЕ ЖИЛ РУССКИЙ ХУДОЖНИК СЕРГЕЙ ВАСИЛЬЕВИЧ ИВАНОВ,атомдомьети русаии дджних СЕРГЕЙ ВАСИМЛЫЕВИЧ иЕАнОВ
1366,ИЗ ИСТОРИИ ПИСЬМЕННОСТИ В АБХАЗИИ,
1367,R.I.P.,К:₽
1368,RUSSIA,
1369,ПЕТРОВА МАРИНА СЕРГЕЕВНА,АМПНп Шт-азн 8 аш Ши 3 #ЕНИЕ
1370,suworof,20@   Е@- @Е@Ш`С А` .ЕП [ЕВЕ-СА`С [$ @ЫЗЯЗ(НЕ НЕЕВЕЯ .)ТЕ?   .Н@Ч`С   0Е' СЕ Е?^_-'з-^>Я '. О@@Г [М $@^[ТНЕ?ВЗТ 1799.
1371,НЕ ВСЕ ПРОХОДИТ И БЕЗ РЕКВИЕМ ПУСТЬ НА,"1 фонпанкарУ 'УГЛЕяР?ЕГЛЙ; ГЕ? ЙРОХДТ ""тыА Е 2 РЕКЗЕН}"
1372,р. ВОНЮЧКА,р.ВОНЮЧКА
1373,СУШКИ,С У Ш К И
1374,р.ПАЛУС,р  ПАЛУС
1375,Ново-Никольский мост,[ ШШШ]
1376,р. СОСЬВА,МММ
1377,карта опасностей на реке вологда,"Промоины в КАРТА ОПАСНОСТЕЙ НА РЕКЕ ВОЛОГДА Йоне створа ул (по состоянию на 15 марта 2022 года) енинградской Промоины в районе м-н Прибрежный (правый По итогам ежедневног берег); Остров (створ ул. мониторинга ледовой Некрасова) , обстановки на реке Кувшиновского моста: Вопогда спасателями МКУ кЦГЗ г Воп огдых составпена карта возможных опасностей Промоины в районе на реке Вопогда и соборной горки (правый границах города [берег); Октябрьского моста, устья р. Золотуха Чл Истори Яр ты Рный # ХУДОжест ЧИЫ ПРЕДУПРЕЖДАЕМ! 'Ссиск Вькод на лед опасен строго запрещен! Промоины в Нарушение карается айоне впадения штрафом! ручья в Кремлевском сквере Промоины в районе Флапмана, устья р. Шограш Диначо Речной Бскзал Промоины в районе Баранково  Гаыао Победы ЛЛанкна чаккул Пракатова Сегернэ) Цакса  Горт"" Рлтин 8 каяуЛ уп Пута т 3"
1378,КУПАНИЕ ЗАПРЕЩЕНО,КУПАНИЕ ЗАПРЕЩЕНО
1379,р. ВОБЛЯ,р. ВОБЛЯ
1380,ЛЕДОВАЯ ПЕРЕПРАВА,ЛЕДОВАЯ ПЕРЕРАВА
1381,БАБЕНКИ,БАБЕНКИ
1382,р.ТЕША,[рТЕША
1383,р.ИЯ,р.ИЯ
1384,р. УБЕЙ,р УБЕЙ
1385,ПРОХОД ЗАПРЕЩЕН,ПРОКОД ЗАПРЕШЕН
1386,р.МЕДВЕДИЦА,МЕДВЕДИЦА
1387,р. ИРА riv. IRA,ИРА {1: [4
1388,DUST,.('@
1389,р.. УЛЛА,р. УЛЛА
1390,13 микрорайон,13 никаарайон
1391,р. ВИЖАЙ,р ВИЖАЙ
1392,40,40
1393,р. Торопа,рТоропа
1394,ВОСКРЕСЕНКА УПОРОВКА,В 0 СКР ЕС ЕНКА У П 0 ₽ 0 В КА
1395,р. ТРУБЕЖ,р. ТРУБЕЖ
1396,РАССКАЗЫ ГЛИНЯНЫХ ТАБЛИЧЕК Мифы народов Двуречья,"рой пыросам нил Л{т€ ралула БолъиМсэвво Улат; ч₽м инем-иаатные {ги&цы газшм1 паъх шр,-пт бсаи _юа,а +росч РАССКАЗЫ ГЛИНЯНЫХ паи Елернть  юси при}учаты ч"" ТАБЛИЧЕК пп нсслг ~етоп€ ',эсож8ст7аажи Мифы народой Двуречъя 1и 1 #цФа л ~а ,туяа 'люди,а ( пгнна, #р0, колрыт л ~тъа  сл.т7 опупрчалялксъ пэ 71 Дрсанис чло, сосершалч ' слрсли-цс! топаяи . тчцлр ош1 1 ""постшижи 7 + ,н пдаж-и,ц ясцлм 4 2орл ~а млла #к; ГеБ; ~ом яс?,п ,&яи любаз?ал€ а цс 1 Объяетенч ио "" '1т1 ирп_олса;:ъ 93а7 пчитцил 1 ложччянсъ ЦВЕЛЫ иаяншя 1  Ждлт эжцнтыщЧе 1 25цчам 0киба чэлнс пистынц Чп 0 оро 1 чози; лоспрчнч чаюн: мцфры "" еристп нъигшла страчные сказлкъ Н скачка + собмлцл провсходят ""рёсе1: "" х55а; ири еяшол сосидарсшае ,4 ) 2а< чисс ; аорсс €трана, Ророо Рекч: Дреншг ложоваюл учёнъаж )обрапъся ос сказамч ^ Сокш  корисб исп--чи сшрам #равчх дгила; Алоро соар; ссфан Оргаксспш: ""асл )и; ааше Тунеаь 950 04 05.2016 абшршнп ру Мскиссто, ~шфоа идшд Фслле та 'бова м палевтачот посанииы , тирртт +чошя иагщами мида-1а тш н,, погла& ла#!   сынстта"" полм_ ~щач₽д₽ш; 'б0т ш:ш ₽ ис-шпнив по'риши Мифм длъти талъ ""Чх  Оч, 'ттъ льяма Ести Ашемг Ягчид"
1397,ДЕШОВКИ,ДЕШОВКИ
1398,река ЯГОМА river YAGOMA,река ЯГОМА г'ег ?АСОМА
1399,Древнее Двуречье,"Древнее Двуречье маядр Дшнн Кэтгппгямыя НЕпига ##рат 4Г{Г Нпал ШЕГе Тарсал Енле  Пиъыы-н:чь АЛЖНЕПНЫ  ПЛИЕНЧТа ныЛ] шмжгин Пандаллаппал-ан Ёлначн) ""пии,лягч н= ЧЕАа'нг"
1400,ХЕРСОН,ХЕ ₽ С 0 # Пинш
1401,КРАСНЫЙ СЛОН,КРАСНЫЙ Слон
1402,Kompan kierros Lahnaniemen seurojentalo,кег 0$ Ца)>:>@щ@ '@г-)епа^о Кошрап
1403,КИРОВ,[@В
1404,POZOR,РО7О? )ЁТ]!
1405,ЦЕЛЬ ИССЛЕДОВАНИЯ:,Проблемный вапрас; Чта Иштслггнсга кожст падсдать Пгъа ОстёП? Беект исследования: Гека астер ЦЕЛЬ ИССЛЕЛОНАНИЯ нзучнтъ Исарнк Понепаниу навваннл рекн дать гндралагнческую характернстнку пакататн аначгниг #илин мастнога населення; нвучнть проблечы загуланення рекн Гоцоцъ Рославлл путен Ипаполншання ыпытап сшледь 'Ебп4! реке Остер пп-ПНТЕВаТЪ пепамное нтнашание надбеням
1406,АДРЕСНЫЕ ТАБЛИЧКИ RU,ТАБЛИЧКИ @& АшрЕСНЫВ
1407,КОБЯКИ,КОБЯКИ
1408,улица ГЛАВНАЯ 140,Ул И Ц А ГЛАВНАЯ 140
1409,Я Твоё, 8
1410,OVE,[УЕ
1411,hot,4НЧднд1ы 4о.
1412,ЛЮБЛЮ ТЕБЯ ДО ЛУНЫ И ОБРАТНО,ЙБ/Ю ТЕВя' ХУНЫ 9Б₽!70
1413,Костик 16 июля 2018 в 10.30 вес 3750 гр. рост 53 см,Жоск 16иля 2018 0 10.30 бсс 3750 %. рос 53 сл
1414,Ваш текст,В}Ш #%С[
1415,Настюше 1 годик,# Ё 'Насиюше 1 :дик 8
1416,ЛЮБЛЮ ТЕБЯ,Жю5ЛЮ 155:
1417,bye-bye Ivanova!,64€-64' [~бса]
1418,Ваша надпись,"""шша #афсь"
1419,18 мне уже!,18 мне уже !
1420,Папины принцессы!,[ш] Члвг Шщ
1421,ШАРЫЗЧ ВОЗДУШНЫЕ ШАРЫ В ВОЛГОГРАДЕ,ПАРЫЗЧ шыш в ВоЛгоГРАдв
1422,"ЛЮБИМАЯ, СПАСИБО ЗА НАШЕГО СЫНА!",#ЮЕНЧАЯ; СПАЧНЕО ПЕП Сишиис
1423,Настёне 16,{олс1ёе 16 @НАКИМА ~г(]е _ @НАКЫ
1424,Единственной Мамочке на свете!,~&фн~п но #веннов '@-@е '~~ел !
1425,НАЛИВАЙ А ТО УЙДУ!,"ШШШЧ По _ *#ШЕЩ ШШИВАЙ А70 Иат & УЙДУ! {Ли ЖЕЛАЮ [РРУ УСКШ6 ""#ИРРУ 'В Ф^/ ДЁД ""ф4  ЖЕЛАЮ ЛОФи"
1426,С днём рождения,Я%ё фозфения
1427,здесь может быть ваша надпись ,[ЗДЕСЬ можвгъыпэ ВАА НАДпись
1428,НЕ  ЖДИ Чуда ЧУДИ сам!,ШтуЁ= ЖДМ ЧУДИ | (ым
1429,Люблю тебя как до ЛУНЫ и обратно,ть; как Д6 ЛУНЫ Обратн Лоолю
1430,С Днём Свадьбы,
1431,Багульник,болыж
1432,Я ЗДЕСЬ из-за ТОРТА,ЗАЕСЬ ТОРТА
1433,"Бэллочка, С днем Рождения!","Сдкеж Ръдсния! ""эчж,"
1434,с днем рождения,Анем ЮЖ4СНЯ
1435,I love you to the moon and back,"]Ф ком Ш} (~[ы '{,; ФФ"
1436,"Лерочка, Happy Birthday!",Перочка #е-рч 8ё#4Яа;'
1437,Надюлечке роднулечке от Ченюли,НсаюмеШ роаншет Ченк
1438,Любимому Братику,(юбшол Фрапк
1439,Ваша надпись,(ш (ИМАСЬ
1440,BE MY VALENTINE,1
1441,17.10.08 МIМО ПРОХОДИЛ,МП 9 'ОХЧДИ
1442,ANIU KOCHAM CIE,~; ; ш А(( КОСИАМ С(Е
1443,мы были на волосок от жизни,ААБЫШыхв Ъол.(06 01 миъни
1444,minimal,шшша
1445,In loving memory of Eva Dobraszczyk 26.11.83 - 27.10.08 To sit in the shade on a fine day and look upon verdure is the most perfect refreshment: Jane Austen,"[п [очй: шепогу о/ Емл [оБга_с_у} 261183 27.10,08 Та $г `п +е $яЯ: @п {1пе ~ау ап: |6* ,роп ""~гш: 1я т#е шдя   [~г[ес- <~/--}:п: Лзпе Ашя~п"
1446,ПРАВИЛА ПОСЕЩЕНИЯ ПАРКА КУЛЬТУРЫ И ОТДЫХА ДОМА ОФИЦЕРОВ ЗАБАЙКАЛЬСКОГО КРАЯ,"ПРАВИЛА ПОСЕЩЕНИЯ ПАРКА КУЛЬТУРЫ и ОТДЫХА ДОМА ОФИЦЕРОВ ЗАБАЙКАЛЬСКОГО КРАЯ Р1бо/ ОСУЩЕСЛВЛЯЕМСЯ СЛеЗуЮщЕМу [Емыу"" ЛЕМНЦЁ ПЕДШОЧ €700 часов @0 2101 4106; пОарЕдсалЬ ПЕРЕСПЕВЛЯПМЬ НаЛЫ [Ше урныв фарчы СФЕШИЦ; БаЗОНЫ Урны}; #а#ОСШИЬ ЗЫММШ` П:ЙчОО € 100 цаСов 00 ?100 ЧаСС8 #а(. _ РЪС]Нк' НяхООяСь {ЕГДЧПТРШ П:рка ПОСЕПШПРЛШ ФООрПБПЛЬНО СОЗЛЕШАМПСЯ СОбЛЮСЕНЫР пОбре (аПЬ СМЛЬЛПУПЫ ЕОЧНЫе СООГУЖеНШЯ (фонпаНы @ОСОЕЧЫ] ННССШЬ #а((. Прабшл ПОСЕЩЕНШЛ Парша КУЛьЛУры ОЛЫХа Дима ОфЩеДОВ ЗабаКаЛЬ ЮО:О кПаЯ: рШСУНКШ [Х' Погны @к п {,авцл Опублцкаван на офшцшальном сашпе ГАУ ВИЦ Домофщеров ЗабашкаЛь !( 0 раяц ШЗОетаНце СПОЛ НОВеНШЯ НЕНЕСЕНЯ (ШЗШЧЕСКЧ2О 8ЛеЧа ЛрО/СОШПЬ ПЕРОЧПОРШЮ ПаДга БЕЛОСШПЕСаЮЦ МОПОЦЧКЛаМЦ ЛЮбЫ ! СЕКОхО НЫмш ;[=(-Лв:м ПЕДЕО;!ЖЕНШЯ На -;"".-Ш"" Парка ЮСПаНЯВЛЦВЯЕПИСЯ ОсСбЫШ Реп!и ОХПаНЫ ПОЛЬЗОВаНЯ; ПЕГЕСВШеяПьСя ПЕПРЫОДЧ ШСПОЛЬ В;яНШЯМ УазанНых ПранспСрПныХ (реб /З ШСКЛЮЧЕН[Е""' (-ПСКЫ #ОЛЯСОМ ПРех-ОЛеСНЫХ БеЛССЫПЕООЯ СЯНОКаЛ0б ФЛя ОЕлем Досш}п парк сеобоЮный ОСУЩЕСЛЕЛЯЕПСЯ на (еСПЛаМНОЙ ОСНОБе: СО3П1 П1Е 00 ПЯПШ ЛЕП; ЛШЦ На   ШНЗЗЛИОнЫХ  АОЛЯСКаХ Пакне #ПОНЕ преОуСкОпренных аППП-ЦОНаши Парга аЕеналЮГО5 ПаДМЕ; Дя обеспеченыя безОпа(-(СП. ЛарКЕ   БЕбЕПСЯ ВШФЕОНабЛЮбЕнце {ДОВаЗЕНШе ВЫСП] ЛПЛЕНЦЦ; ОПНОСПЩЫКСЯ [0З} ФЕЯЛЕЛЬНОСПШЧ #арка ГОЛШПЮЧеСКШР ИзобралЕНШЯ @..-Л]ЯП!`Ц ССЕПЕННЫЕ ПОСЕЛШПЕЛЕЧ ;ПЕКЯ ПОСЕЦРНИЯ ПаД/а #ОЗ/Ш [ЫЦН:Ц сбср ФанЕЖНых СПЕССПЪВ; ОПЗаНШЗСЕЕННЫЕ ёГУЛПОВЫЕ [ЕЛШ2ШО-НЫЕ ВЫСПУПЛЕНЯ ШСПОЛЬЗОВШМЬСЯ ПОЛЬЮО ОЛЯ ЧаСМНО:О  СОмЭШн-: ""СПОЛЬОВЕНУЯ [ЛЪ   П""ПУЛы СЕМОНСПЛ:ЦИ;  учебныв КЛаССЫ; ППОПЕСПЫ ЛЮООУ ЧеСПЕ Лапка ЧЛУ ПРШЛеРЯЮЦЕШ ПеРПЧП?-Ш; АС""ЦНЧСПЛаЦЦЯ Па-Ла НЕГЕП ОПБЕПСПАВЕННОСПШ НЕСЧЕСПНЫР СЛУЧЯЧ ВОЧНШКШЕ РРЗУЛЬЭПЕ   НЕСОбЛЮСЕНШЯ ПОСЕПУПРЛЯЖШ ПраВШЛ беЗОПаСнОСЛЮ ДрШ ОСЛОПРе СЫСПЭВОЧНОШ {о[:с%:ь СУВеНЦрнош любош @уес! Л-Офуц.Ец; Распроспраняпь бшЛеПы ОСУЩЕСПВЛЯЛМЬ @0ЕННОШ `ЕХНШКЦ ПЕабШл ПОВРСЕНЦЯ (ЕП:к01 ПЛОЩаЯке ПСавшл (ез0Л: ""(ШШ ЛЦШ ПОСЕЩЕНШ Шн}ю шОчме[ческую фепшеЛьносль бел фозов-а СОЗЛаСОВЕНШЯ #""мцнспр:Щш:ш Дача ФфЧце 0;; ЯПЛП: ЦШОП06 праВшл   `веЗн\я волных   соФруленшЁ; ЗВНШМЕПЬСЯ €(ЕМШ 8.ФЫЫ ХуСОлЕСПВЕННОШ СаЮОФЕЯЛЕЛЬНОСПЦ; [ГОБОСШПЬ МаСССВЫЕ ЦЕЛЯХ ГОХЕЕНЕНШП НаЗЛРЖаЩе 0 ШСПОЛЬЗСВЕНШЯ {ЕПДЫОДЧШ Пяцка гулыПры @ПЮыха НЕПОЛОШЯПШЯ ПШСЬЧЕННО:О СОЕЛЕСОВОНШЯ абмш#ц лраЩ:"" Даша ОФШЦеПСВ; Дома Чфицег0;   ЗабЛЫкаЛьско:0 #Пая Шаюе [ЕЛЬЮ ОбеСПЕЧЕНШЯ бЕЗОПаСНОСПШ ПОСРПШПЕЛЕШ #а ПЕгршпРш парша ЗаПреШаЕПся: ЮСнПрОль #ЫПОЛНЕНШЛ наслЮящшх Празшл ОСУЩеспвляюш €.@ШДШПеЛЫ парка Спу^ша ОУРаНЫ #рах шЛь ПЕПРЫПОПШЮ ПаПка БыЗУЛЦВЯПЬ @ОМЗШНЫ' ЖШЬОПны ЕСЕх €Ц008 Вх0 ы; ВЫУСОЫ ЭБНК}ПЦЮОННЫЕ ЛУТЦ прОкОСЫ; ПреОНаЗНаЧЕнНые [ябОПНЫКОВ СЛу""бы (ПЯСЕНШЛ СкОГО! ГОШОЩ СПужОы   3СПЛ/ЛПаЦ"" фолнны быПь €гвзПа ООСПУЛНы ОП ТЫПЫ ЛОСПШПЬ ЛОМЯПЬ   Оеребья КУСПКПНШ' ССОбООНы П,еПЯШСП:Ш; Абмшни праця ГАУ ФВИЦ Дом офыцеров Забабкальско:о краяю Ларг"
1447,С ЛЁГКИМ ПАРОМ!,С 'АЕГХИЧ ПАрОМ!
1448,00,00
1449,00,010
1450,421133,[1ЗВЗ
1451,9999,9999
1452,ЗЕНИТ ОД СЧЁТ 2,сй
1453,000000,[09 [0Е
1454,ДВА ГОДА ГАРАНТИИ,ДВА ГАРАНТИИ ГОДА
1455,CLARK COUNTY McCARRAN INTERNATIONAL LAS VEGAS,сш₽  ( 5С дррл 5 ~п
1456,SPORT,ЯРО?_
1457,13:15 12.11.17 ледующая ос,"Ф ' € #:"" ::::""::: й:"
1458,LIVE NOW,_ Е .ЪШ
1459,ШКОЛА,ШКОЛд ш
1460,Kitfort,ц5в' К-@г: Базовая  Разогрев Варка Томление Макс 1 ( шарка
1461,YAKIMASPORT,ХА К|МА$ ₽О?Т
1462,htopRoyalSun,$+@р @уа-Зч<
1463,МОЯ ЖИЗНЬ- МОИ ПРАВИЛА,МОЯ ЖИЗНЬ МОИ ПРАВИЛА
1464,NEON,~).
1465,Dream,)%@
1466,HOTEL,%ё
1467,Just Married,{Цыи
1468,LIVE,(УЕ
1469,M SHOE REPAIR,$Нов ПЕРА-?
1470,Love,@90) '6 >
1471,РЫБОЛОВ,2Ы[ОЮ
1472,OUT OF YOUR LEAGUE!,ОУТ ОГ ~ОЧ? ((-@Ф( @о= СА #2}' КСЦР
1473,Lashes,{жз`е$ @Неевялп
1474,TASHA Beauty CAFE,ТАЗНА '%шЧ СА  Ё
1475,hello,(Ф)
1476,LOVE,@Ол?)
1477,ALEX,[ИИТ ЕП 1] ши шлтлш Е_рН Ш
1478,Love,( 
1479,Enjoy,"&% с%  | мв """
1480,coffee,"[""ес"
1481,ЦВЕТЫ,(в€ды
1482,Your logo Here,Хош Нее _о&о
1483,RESTAURANT BAR,8€ЗЪ^@А) ВАР
1484,10:27,1шэ вы = пп
1485,LIVE,((€)
1486,GAME CLUB,6ЪЧВ ~`
1487,Coffee SHOP,(0(0 Я.Ш]
1488,APERTURE LABORATORIES,АРЕШкЕ Ц4 В 0 ₽ А Т 0 ₽ | Е 5
1489,TRUST ME YOU CAN DANCE,Т ЫЗГМЕ ~ОШ (А` 04П(Е
1490,шаверма,шаверма
1491,Viber Insider,[0@8ь
1492,BAR HDJ SIGN,ВАК [6Б] Б15 ]
1493,MOTEL,Шшы ~ОТЕЪ
1494,WELCOME TO Fabulous LAS VEGAS NEVADA,@Ф99ш€ Т @ _АЗ {Е&-$) ~Е У^ 6 
1495,Disput Detail,"10.27 ты: .я-ше [а1] [15ь#: {пос Т:ле ~ыъс 2020 [=т+: геа:пп Егут=па1 ёепт [х[ге55 ~ ,Ц[Пепъ 56 |е по\ а5 Зз- Б@ф {аНП ]Г?Е ₽ПЕ 5 ЛЧПЩЧПТ ПгТЫЦ 5 $(:(,5 : [5 @т1е /п^:}е: 1111 РьцпЧ ЕЦП Е 6,в9 ] Т<: ;зпц₽ #а5 ;ггл [<=€{;5г;] Е{- пь""$ {ш |#з389ь; [5рна Нзпг;"
1496,возьми кофе с собой,ВОЗЫИ КОФЕ ССОБОЙ
1497,Morapito RACING,МчЧ @@@
1498,Весна,#ъ0 {=| 
1499,Регион Строй Реставрация,";1 , },] ; 1'  ; ; 1 ' 1 { ] ""  ` | |1 .11  1 , , , [Ч} (Стой РесавфаЩИя"
1500,БУХГАЛТЕРИЯ,БУХГАЛТЕРИЯ :ТЧ ак1. [а [ .
1501,ДИРЕКТОР ДЕПАРТАМЕНТА РАЗВИТИЯ Андриянов Валерий Владимирович,ДИРЕКТОР ДЕПАРТАМЕНТА РАЗВИТИЯ Андриянов Валерий Владимирович
1502,315 КАБИНЕТ ХИМИИ,'15 БАНШИТ ки;шн 95Пыэ
1503,ПРИЕМНАЯ ДИРЕКТОР Фамилия Имя Отчество,ПРИЕМНАЯ ДИРЕКТОР Фамилия Имя Отчество
1504,400,400
1505,25 ОТОЛАРИНГОЛОГ,4 [#ЛОГ
1506,и косметолог Правительства,"#'У ""#етОлп! 'ъътТттенайя Грбителиста а"
1507,ЗАМЕСТИТЕЛЬ НАЧАЛЬНИКА УФМС РОССИИ ПО ЯРОСЛАВСКОЙ ОБЛАСТИ,ЗАМЕСТИТЕЛЬ НАЧАЛЬНИКА УФМС РОССИИ ПО ЯРОСЛАВСКОЙ ОБЛАСТИ
1508,ЧАСЫ РАБОТЫ:,РдБОТЫ; сашэда 91 5₽Лр 7хл8оз 10 0
1509,107,Еянак
1510,"Конференц-зал ООО ""Файффс Фрут Импортс""",Конференц-зал ООО кФайффс Фрут Импортся
1511,Государственное казенное учреждение Управление строительства Ленинградской област,чреждение асуларственное Кзеннос {Упрявление  стронтсльс! Ленинградском : области :
1512,название компании,"НАЗВАНИЕ КОМПАННИ згив ~гв 7;н,ы ЫУр_ыъгцие"
1513,ГЕНЕРАЛЬНЫЙ ДИРЕКТОР,ГЕНЕРАЛЬНЫЙ ДИРЕКТОР
1514,Перед входом помолитесь,Перед входом помолитесь
1515,КАБИНЕТ СПЕЦИАЛИСТА,КАБИНЕТ СПЕЦИАИСТА ЕаненанъН
1516,КАБИНЕТ ЛИТЕРАТУРЫ,КАБИНЕТ ЛИТЕРАТУРЫ
1517,Системный администратор,Системный администратор
1518,переговорная welcome,"ПЕРЕГОВОРНАЯ ""есоше"
1519,ЛЮДИ ДОБРЫЕ ПОМОЖЕМ ЧЕМ МОЖЕМ,"АЮА,И АОБРЫЕ п омвм"
1520,ОРГАНИЗАЦИОННО- -КАДРОВОЕ УПРАВЛЕНИЕ,ОРГА НИЗАЦИОННО - -КАДРОВОЕ УПРАВЛЕНИЕ
1521,КАБИНЕТ МАТЕМАТИКИ,КАБИНЕТ МАТЕМАТИКИ
1522,ВЕЛЛЕ,"#ВЕПЛЕ"" "
1523,НЕ ВХОДИТЬ,НЕ ВХОДИТЬ
1524,Директор Иванов Иван Иванович,Дирсктор Иванов Иван Иванович
1525,Массажный кабинет,Массажный кабинет
1526,403,'Я(с& кябннет -в 4П3
1527,ПРИЕМНАЯ,ПРИЕМНАЯ
1528,ТЕРАПЕВТ 9,ТЕРАПЕВТ
1529,ИДЕТ СОВЕЩАНИЕ НЕ ВХОДИТЬ ШТРАФ 500 руб.,ИДЕТ СОВЕЩАНИЕ НЕ ВХОДИТЬ ШТРАФ 500 руб 
1530,Название таблички,Название табПИЧКИ
1531,Начальник инженерно-технического отдела Иванов И.И.,НаЧаЛьник {ЛёЛЯ инженерно-7 И РАНИЧеСАОГ  Иваноб
1532,МЕДТЕХ КА,Пн ТаГПП ! 2тв
1533,Теплопункт посторонним вход воспрещён!,[ТВПЛОПУНЮТ| ПОСТОРОННИМ ВХОД ВОСПРЕЩЁН!
1534,Материальный склад,Паа Тпт7аинльнынсшнп
1535,БУХГАЛТЕРИЯ,БуХПЛТЕРИЯ
1536,ЛОГОПЕД,ЛОГОПЕД
1537,АРХ ТЕКТУРНО-СМЕТНЫЙ ОТДЕЛ,Смыный РХЛТЕКТУРНО-
1538,RUS N RUSCON,Увон=  #_зсом
1539,Я ТЕБЯ ЛЮБЛЮ!,4 ТЕБЯ; АЮЪА-Г
1540,peace,= 
1541,Я ЛЮБЛЮ ТЕБЯ ДИАНА ЭТЬН.,0 #Ч ЛЫ ЧВАЮ Т{ Ф
1542,Text,Техъ
1543,FRI END,-?-:
1544,СВОБОДУ ВЛАДИМИР ВОРОНЦОВ,# сеоееан 2 >
1545,PRIDE,: 'К?
1546,Колечка ЛЮБЛЮ,[{ю& ШД5
1547,БИТЬ И БЕРЕЧ,ОБИТЬ ИБЁРЕЧЬ
1548,"ТОЛЯ Я БЕРЕМЕННА ОТ ТЕБЯ! РИТА ТОЛЯ, И Я БЕРЕМЕННА ОТ ТЕБЯ! Наташа Толя, я так-то тоже беременна от тебя! Мила","~Е) Фв Ратыш ""оя / Бт ~ 47 Бегеменне 7ор . БЕР} ""о-ию  ННА леБя : шъсе рчм  Евян Наиши ене Миа"
1549,"Мяушки, с Днём Люблю тебя.",&е& с #е&&: Грасмые {ёЗосмч! Дврите о4 2 ши [гоз-@ а_п '2ё& &Э срнии @ехю
1550,ОТКРЫВАЙ КОБРА!!,деы <ЗбР}
1551,"Полина, прости меня пожалуйста! Даня",%Ленион '02 $ А-н?
1552,2015,
1553,"Соколовский 
 не 
 террорист",~6 7еФорист >
1554,ПРОСТИ!!!,
1555,"Севернее Кореи . Соцсети о санкциях, репрессиях и эмиграции ",'Севернее Кореи' Соцсети 0 санкциях; репрессиях и эмиграции
1556,ВИКА Я ЛЮБЛЮ ФАСОЛЬ!,^^^^~ А`ш 1
1557,Old School,0Ш Я~@~_
1558,Вопрос 5,"Пвпа=ен Пет; , О7Ее о_ись ка ушт 4 #[0Игы Учш ш'шъ нгыш|"
1559,Всё будет хорошо!!!,Всё будет хорошоШ Шс+  ьихя[Ц[Ю)
1560,LETSBE Friends FOREVER,Ц=ГЗЪЕ '4екл #И
1561,хватит!,2
1562,Я люблю свою БАБУ,' `; . 60 РАБ
1563,ПИТЕР-,
1564,БЕСИШЬ МЕНЯ,
1565,С ДОБРЫМ УТРОМ! БЕСИШЬ МЕНЯ ,"044 0932 ДБРым . ""РЭМ | БЕСИШЬ МЕНЯ"
1566,Amelica.com для детей,Аше_а :ш ГОГ
1567,Лето в Подмосковье,яе> А~ ;ето ПОдмОсковье ШИНМиМай
1568,KENTATSU,ЖЕАТЗ
1569,anextour,а?х-\г [ЕЛЕШПЫЮ
1570,ПОДКЛЮЧАЙ,"ПОДКЛЮЧАЙ Ро_телексч #Е/""С60"
1571,Aladdin,"ЪЗзн5 А"" ""1624"
1572,REDTAXI,ЛШ пипе ;
1573,наклейка на заднем стекле,НАКЛЕЙКА НАЗАДНЕМ СТЕКЛЕ
1574,ПРЕДМЕТЫ КУХНИ,цтгааин
1575,Travel,и# Лг<>е]
1576,Губка,Ц МШШ
1577,Т КУРОРТ,
1578,Coc Cola,@ь(ь (0иМ
1579,ESPRESSO,ЕЯ@@ЕЗЗО
1580,"Twinkle 
 twinkle Little Star 
 Do you know how 
 Loved you are",шк]е { йпк]е ё]е $+а< '0 уоч %)  <ош [чеф уи аге
1581,JACK,УАск
1582,A B C D E J G H I J K L M N O P Q R S T U V W X Y Z,"в0ДЕз@#"" {2[о  ,"
1583,MENU,МЕ`
1584,presence,рг@з@псе
1585,DRAW,[ [6
1586,EVAN,Е !А
1587,I Love You to the moon...and back again.,ФДжь'/э {о+^е оо< .апф Ьас^ а;а11
1588,Странник,СТРАННИК тх
1589,this is us Our life. Our story. Our home.,(я ё ч5 Очг ]1€е: Оч Очг }оше: '+огу:
1590,Z,
1591,"телефона, смотрите в другом объявлении",Шродашеешь ыовЫХ телефона/ смотрите в друтом объявлении
1592,tartness,+{и&яя
1593,"HO 
 ME",НП МЕ
1594,Telephone,'7%  5оо 55 ооб
1595,love,4
1596,a²+b²=c²,"0 , ( 0?  | 7С2"
1597,мы страждем от засухи А.С. Пуш,"ик=а' 2- 4 э: ,сг # еаа е 'еваъа #8"
1598,очень удобная и практичная вещь! вам так не кажется?,{ОЧЕНЬ УДОБНАЯ И ПРАКТИЧНАЯ ВЕЩЫ ВАМ ТАК НЕ КАЖЕТСЯ?>
1599,Light Medium Demi Bold,[19}\ Мефчш [@щ: Во:
1600,ПОЛЕЗНЫЕ ИГРЫ С ОГНЁМ,ПолЕзН ЕИТРЫ согЦи ате5ъ
1601,Методическая копилка,[  к&  @
1602,ДОБРОЕ УТРО,& 7БР0Е (~(Г0
1603,Областное информационно-пропагандистское мероприятие СтопГаджет!,гы> о -Цэр танамушеге <ерчащ Енур п1 Тгрымэн1нъ заншэтэ дзнзэненикпэнт-шч 1РчГч ПЕлягтнаг ЯНпПЕННЦненн = Пвапятанлнгтгнпн #пПп #Ста-Га Еы Угшиппеаанапиптопя 4пппапп ог;ня ссеш:лшаннн
1604,2015,~61$
1605,НАСЕЛЕНИЯ,2 ( Яэиш:азу
1606,ВОЛГ КОН СБОРНИК ФАНТАСТИЧЕСКИХ РАССКАЗОВ,ВОЛгАкон СЕОРНИК ФАНТАСТИЧНСТИХ РАЕС ;ДЗаЕ
1607,C.Э. Фриш Сквозь призму времени,"6 9 фЕ"" Сквозь призчу времени 1  "
1608,NO,.О аЧин + 1ч5) Тлифн} БиШинан ш 4лелынашшши ч1м1 заИк Бль ашашыШ ыий ши ичтм Мран 1
1609,Развитие социальной активности младших школьников,Ра-пнтис сациалына й актипности млапшик щкалыннкап атч-
1610,КОФЕЙНЯ,КОФЕЙНЯ
1611,MarcO'Polo,[акс @1@]о:
1612,РУССКИЙ СТАНДАРТ БАНК,БАНК СТАНДАРТ Русский
1613,ЗаБава САЛОН КРАСОТЫ,Забасо СПлон (РПСОЛЫ
1614,smplewine винотека,"""е ~е ВИНОТЕКА"
1615,НОЖОМ  ВИЛКОЙ ГОРОДСКОЕ КАФЕ,& (ножОм ВИЛКОЙ товодскот ЖА@Е
1616,К-РАУТА СТРОЙМАСТЕР,Еелуц ЯРЙМАСЛЕР
1617,Салон красоты СТАТУС,Салон красод СТАС
1618,ресторан olivo рестораны,(блю РЕСТОРАНЫ РЕСТОРАН
1619,Стрижи ТОРГОВЫЙ ЦЕНТР,(юрижи тОРгОВЫЙ ЦЕНТР
1620,ДОБРЫЙ ЖАР,ЖАр ДОБРЫЙ > помашние [ 'опч Пуаиытю ₽ 'и2 ; Зканъ Дшю
1621,БУФЕТЪ.,
1622,AllTime.RU,#`не яо
1623,Cora,(б8
1624,сафари фитнес,(аФ' (или:
1625,mega,нва
1626,ресторан украинской кухни СКОВОРОДА,!краннской '@КОВОРО4  ресторан ЖуХнн
1627,Ubik ЦИФРОВАЯ ТЕХНИКА,"@дЦъ [Цэ ""оЮрАя"
1628,АЗБУКА ВКУСА,ВКУСА АЗБУКА
1629,Охотный ряд коммерческий банк,Охотный ряд коммерческий банк
1630,аппарат Совета депутатов муниципального округа Бирюлёво Западн ЮЖНЫЙ АДМИНИСТРАТИВНЫЙ ОКР,"аппарат Совета депутатов муниципального округа Бирюлёво Западноа ЮККНЫИ ИДМНННСТРАТИВНЫИ Оке"""
1631,ДВОРЕЦ ТВОРЧЕСТВА ДЕТЕЙ И МОЛОДЕЖИ молодежный творческий форум китеж плюс,ДВОРЕЦ ТВОРЧЕСТВА ДЕТЕЙ И МОЛОДЕЖИ молоькнкн ТНОРЧЕСЕШП #орм китя плюС 'ихок 1глеъ] ШЕЕН
1632,МИЛТИ,
1633,СЛОН завод рекламы,
1634,семейная парикмахерская Family,"семейная парикмахерская ({""(!"
1635,ТУШИНСКАЯ,ТУШИПЕСКАЯ
1636,МАСКОУСКАЯ,Я [([ОП(К^
1637,ОРОДСКАЯ,ОРОДСКАЯ
1638,бабин яр,ч ## Я ₽
1639,М,м
1640,МЕТРОПОЛИТЕНА,КЕЗРОПОЛнтЕНА
1641,ЛУБЯНКА,ШУБШШц КРАСНАЯ ВЕСНА
1642,Stalingrad,$+а: &-аф %-@п--ше сош ошэлшил
1643,КАШИРСКАЯ КАШИРСКАЯ,ХНАНИННЕ ННя КАШИРСКАЯ
1644,Это э ктробус.,ЭзктробуС:
1645,Это электробус.,30 
1646,Это электроб,Д1 ич
1647,Это электробус.,ЭТОЭлекр @Юл
1648,Это электробус.,ЛюэкрОбУС
1649,Это электробус.,&ЛОЩА; &_ электроЕ Это
1650,Это электробус.,НЛФЛКТрОбУС;
1651,300,
1652,Это электробус.,Элкгробус
1653,Это электробус.,[КЕООбМС;
1654,Это электробус,ЛШШи
1655,500-й Это электробус.,Это О5027005с
1656,ГОРОДСКОЙ ЭЛЕКТРОБУС,[РОДСкО; Я/ ПРЛЕТЕ
1657,161779,@& {@ & 3лъ ~шш 65тъ 161779
1658,Это электробус.,"'ЖЖКТрОбУС,"
1659,Это электробус.,ЭЛЮЮОб9С
1660,Это электробус.,Это электробус
1661,тробус.,тробус:
1662,Это лектробус.,Эюлектробус:
1663,ГОРОДСКОЙ ЭЛЕКТРОБУС,Ы) п ~ЗЛЕКТРОБУС [РОДСКОЙ
1664,Это электробус.,Эю0: ЭЛСКРОС
1665,Петербург в движении,ППЕБ 7
1666,ГОРОДСКОЙ ЭЛЕКТРОБ,[Ю { [ОРОДСЮОЙ: {Лбзк {ЗМ[ЮРЫ
1667,electric bus,[@й€ Ы1$ Н4ЗШШ
1668,1000-й Это электробус,[(Ы )(
1669,1000-й Это электробус.,оО00фо6ус ` Это
1670,1000-й Это электробус.,ФЛЕК] ЮО=й Шктробус:
1671,90 100,
1672,Это электробус.,Эр ШМЮ
1673,ГОРОДСКОЙ ЭЛЕКТРОБУС,"к ЛИЕ Ш '@чг ЙЭЛЕКТРОБУС ""ФРОДСЮОЙЭ"
1674,Яндекс,~цыг д
1675,Яндекс Такси 95-55-55,
1676,Яндекс Такси,(НДеЖ-Ю
1677,Е838НМ,БРнш ЕЗ:НЫ5
1678,1343,743
1679,Яндекс Такси,[Ю ЯЮС[
1680,Яндекс Такси,6 ([ЖИ
1681,Yandex,ПЛЧат
1682,9,
1683,1217,1217
1684,ЯНДЕКС ТАКСИ,ЯНДЕКС:ТАКСИ
1685,ЯНДЕКС ТАКСИ,ЯНДЕКС:ТАКСИ
1686,49,
1687,Яндекс Такси 456 495 9999999,Яндекс ТаКСИ 456 (495)9999999
1688,Яндекс Такси,ЗПЕНН От- ЯНДекс =акгу`
1689,Яндекс Такси,[акси #ДСКС
1690,49,49 Р
1691,lamoda,{а Лапз
1692,Яндекс Go Такси 7 495 999 99 99,Яндекс &о Такси сэ эаэ эавэ
1693,Промокоды и скидки для вызова такси Яндекс,Промокоды СкИДКи для вызова такси Яндекс
1694,Яндекс Такси,"Анм; ""КДеКС [;к_}"
1695,Вызывающе быстро Яндекс.Такси,Вызывающе быстро Яндекс [ак(Ю [ьаекпн
1696,Яндекс,"""{""НЮКу"
1697,Яндекс Такси,"Ясс]ак ""ъяим"
1698,МАШИНЫ ДЛЯ КОМФОРТ КЛАССА,МАШИНЫ ДЛЯ КОМФОРТ КЛАССА
1699,ndex,
